title,artist,year,genre,composer,file_path,Artista encontrado,Titulo encontrado,Numero de coincidencias,Hay coincidencia preferida,No hay coincidencia preferida,Coincidencia perfecta
Amarguras,Miguel Caló / Roman Prince,1933,tango vals,Musica: Miguel Nijensohn y Jaime de los Hoyos - Letra: Sapet Grasso,"D:/Dropbox/TDJ/MUSICA/Angel/Caló, Miguel\1933_Caló - Román Prince_Amarguras.flac",False,False,0,False,False,False
Milonga porteña,Miguel Caló / Roman Prince,1933,tango,Musica: Luis Brighenti y Miguel Caló - Letra: Mario César Gomila,"D:/Dropbox/TDJ/MUSICA/Angel/Caló, Miguel\1933_Caló - Román Prince_Milonga porteña.flac",False,False,0,False,False,False
Coplas de esperanza,Miguel Caló / Carlos Dante,1934-11-26,pasodoble,Musica: ? - Letra: ?,"D:/Dropbox/TDJ/MUSICA/Angel/Caló, Miguel\1934_Caló - Carlos Dante_Coplas de esperanza.mp3",False,False,0,False,False,False
Mentiras piadosas,Miguel Caló / Carlos Dante,1934-11-26,tango,Musica: Miguel Nijensohn y Pedro Héctor Pandolfi - Letra: Carlos Marín,"D:/Dropbox/TDJ/MUSICA/Angel/Caló, Miguel\1934_Caló - Carlos Dante_Mentiras piadosas.mp3",False,False,0,False,False,False
No vale la pena,Miguel Caló / Carlos Dante,1934-10-05,tango,Musica: Antonio Helú - Letra: Antonio Helú,"D:/Dropbox/TDJ/MUSICA/Angel/Caló, Miguel\1934_Caló - Carlos Dante_No vale la pena.flac",False,False,0,False,False,False
Tu eres para mi,Miguel Caló / Carlos Dante,1934-10-05,tango vals,Musica: ? - Letra: ?,"D:/Dropbox/TDJ/MUSICA/Angel/Caló, Miguel\1934_Caló - Carlos Dante_Tu eres para mi.mp3",False,False,0,False,False,False
Alla en el cielo,Miguel Caló / Carlos Dante,1935-03-25,tango vals,Musica: ? - Letra: ?,"D:/Dropbox/TDJ/MUSICA/Angel/Caló, Miguel\1935_Caló - Carlos Dante_Allá en el cielo.mp3",False,False,0,False,False,False
Alma mía,Miguel Caló / Carlos Dante y Hermanas Morel,1935-12-17,tango,Musica: ? - Letra: ?,"D:/Dropbox/TDJ/MUSICA/Angel/Caló, Miguel\1935_Caló - Carlos Dante_Alma mia.mp3",False,False,0,False,False,False
Declaracion,Miguel Caló / Carlos Dante,1935-12-17,ranchera,Musica: ? - Letra: ?,"D:/Dropbox/TDJ/MUSICA/Angel/Caló, Miguel\1935_Caló - Carlos Dante_Declaracion.mp3",False,False,0,False,False,False
Es una santa mama,Miguel Caló / Carlos Dante,1935-06-10,tango,Musica: ? - Letra: ?,"D:/Dropbox/TDJ/MUSICA/Angel/Caló, Miguel\1935_Caló - Carlos Dante_Es una santa mamá.mp3",False,False,0,False,False,False
Los años pasan,Miguel Caló / Carlos Dante,1935-03-25,tango,Musica: Armando Baliotti - Letra: Carlos Giampé,"D:/Dropbox/TDJ/MUSICA/Angel/Caló, Miguel\1935_Caló - Carlos Dante_Los años pasan.flac",False,False,0,False,False,False
Los años pasan,Miguel Caló / Carlos Dante,1935-03-25,tango,Musica: Armando Baliotti - Letra: Carlos Giampé,"D:/Dropbox/TDJ/MUSICA/Angel/Caló, Miguel\1935_Caló - Carlos Dante_Los años pasan.mp3",False,False,0,False,False,False
Puesta de sol,Miguel Caló / Carlos Dante,1935-04-05,ranchera,Musica: ? - Letra: ?,"D:/Dropbox/TDJ/MUSICA/Angel/Caló, Miguel\1935_Caló - Carlos Dante_Puesta de sol.mp3",False,False,0,False,False,False
Serpentinas de esperanza,MIguel Caló,1935,tango,Musica: José Canet - Letra: Afner Gatti,"D:/Dropbox/TDJ/MUSICA/Angel/Caló, Miguel\1935_Caló - Carlos Dante_Serpentinas de esperanza.mp3",False,False,0,False,False,False
Si volviera Jesús,Miguel Caló / Carlos Dante,1935-09-28,tango,Musica: Joaquín Mora - Letra: Dante A. Linyera,"D:/Dropbox/TDJ/MUSICA/Angel/Caló, Miguel\1935_Caló - Carlos Dante_Si volviera Jesús.flac",False,False,0,False,False,False
Suena el acordeon,Miguel Caló / Carlos Dante,1935-06-10,ranchera,Musica: ? - Letra: ?,"D:/Dropbox/TDJ/MUSICA/Angel/Caló, Miguel\1935_Caló - Carlos Dante_Suena el acordeon.mp3",False,False,0,False,False,False
Voluntad,Miguel Caló / Carlos Dante,1935-09-28,tango,Musica: ? - Letra: ?,"D:/Dropbox/TDJ/MUSICA/Angel/Caló, Miguel\1935_Caló - Carlos Dante_Voluntad.mp3",False,False,0,False,False,False
"Bailar, soñar",MIguel Caló,13/0,tango vals,Musica: Enrico Malatesta - Letra: Louis Raymond,"D:/Dropbox/TDJ/MUSICA/Angel/Caló, Miguel\1936_Caló - Alberto Morel_Bailar, soñar.mp3",False,False,0,False,False,False
La pequeña Shirley (fox trot),MIguel Caló,23/1,tango vals,Musica: Miguel Caló - Letra: Mario César Gomila,"D:/Dropbox/TDJ/MUSICA/Angel/Caló, Miguel\1936_Caló - Alberto Morel_La pequeña Shirley (fox trot).mp3",False,False,0,False,False,False
Las campanas,Miguel Caló / Alberto Morel,1936-07-13,tango,Musica: Armando Acquarone - Letra: Juan Velich,"D:/Dropbox/TDJ/MUSICA/Angel/Caló, Miguel\1936_Caló - Alberto Morel_Las campanas.flac",False,False,0,False,False,False
Nostalgias,Miguel Caló / Alberto Morel,1936-10-23,tango,Musica: Juan Carlos Cobián - Letra: Enrique Cadícamo,"D:/Dropbox/TDJ/MUSICA/Angel/Caló, Miguel\1936_Caló - Alberto Morel_Nostalgias.flac",False,False,0,False,False,False
Caballo a calesita,MIguel Caló,14-03-1936,tango,"Miguel Nijensohn, Pedro Héctor Pandolfi & Carlos Marín","D:/Dropbox/TDJ/MUSICA/Angel/Caló, Miguel\1936_Caló - Carlos Dante_Caballo a calesita.flac",False,False,0,False,False,False
Los leñadores,Miguel Caló / Carlos Dante,1936-03-14,ranchera,Musica: ? - Letra: ?,"D:/Dropbox/TDJ/MUSICA/Angel/Caló, Miguel\1936_Caló - Carlos Dante_Los leñadores.mp3",False,False,0,False,False,False
Malvaloca,Miguel Caló / Carlos Dante,1936-03-14,pasodoble,Musica: ? - Letra: ?,"D:/Dropbox/TDJ/MUSICA/Angel/Caló, Miguel\1936_Caló - Carlos Dante_Malvaloca.mp3",False,False,0,False,False,False
Soy milonguero,Miguel Caló / Carlos Dante,1936-03-14,tango,Musica: Miguel Caló - Letra: Mario César Gomila,"D:/Dropbox/TDJ/MUSICA/Angel/Caló, Miguel\1936_Caló - Carlos Dante_Soy milonguero.flac",False,False,0,False,False,False
Dulce amargura,Miguel Caló / Roberto Caló,1938-12-21,tango,Musica: Virgilio San Clemente - Letra: Héctor Alperi y Jorge Torres,"D:/Dropbox/TDJ/MUSICA/Angel/Caló, Miguel\1938_Caló - Roberto Caló_Dulce amargura.flac",False,False,0,False,False,False
Luces del puerto,Miguel Caló / Roberto Caló,1938-12-21,foxtrot,Musica: Kenneth Williams - Letra: Ramón Novarro,"D:/Dropbox/TDJ/MUSICA/Angel/Caló, Miguel\1938_Caló - Roberto Caló_Luces del puerto.flac",False,False,0,False,False,False
Bajo un cielo de estrellas,Miguel Caló / Alberto Podestá,1941-03-12,tango vals,Musica: Enrique Francini y Héctor Stamponi - Letra: José María Contursi,"D:/Dropbox/TDJ/MUSICA/Angel/Caló, Miguel\1941_Caló - Alberto Podestá_Bajo un cielo de estrellas.flac",False,False,0,False,False,False
Dos fracasos,Miguel Caló / Alberto Podestá,1941-07-31,tango,Musica: Miguel Caló - Letra: Homero Expósito,"D:/Dropbox/TDJ/MUSICA/Angel/Caló, Miguel\1941_Caló - Alberto Podestá_Dos fracasos.flac",False,False,0,False,False,False
Me casé con un sargento,Miguel Caló / Alberto Podestá,1941-07-31,polca,Musica: ? - Letra: ?,"D:/Dropbox/TDJ/MUSICA/Angel/Caló, Miguel\1941_Caló - Alberto Podestá_Me casé con un sargento.flac",False,False,0,False,False,False
Yo soy el tango,Miguel Caló / Alberto Podestá,1941-06-12,tango,Musica: Domingo Federico - Letra: Homero Expósito,"D:/Dropbox/TDJ/MUSICA/Angel/Caló, Miguel\1941_Caló - Alberto Podestá_Yo soy el tango.flac",False,False,0,False,False,False
Pedacito de cielo,Miguel Caló / Alberto Podestá,1942-09-02,tango vals,Musica: Enrique Francini y Héctor Stamponi - Letra: Homero Expósito,"D:/Dropbox/TDJ/MUSICA/Angel/Caló, Miguel\1942_Caló - Alberto Podestá_Pedacito de cielo.flac",False,False,0,False,False,False
Al compás del corazón (Late un corazón),Miguel Caló / Raúl Berón,1942-04-29,tango,Musica: Domingo Federico - Letra: Homero Expósito,"D:/Dropbox/TDJ/MUSICA/Angel/Caló, Miguel\1942_Caló - Raúl Berón_Al compás del corazón.flac",False,False,0,False,False,False
Azabache,Miguel Caló / Raúl Berón,1942-09-29,tango milonga,Musica: Enrique Francini y Héctor Stamponi - Letra: Homero Expósito,"D:/Dropbox/TDJ/MUSICA/Angel/Caló, Miguel\1942_Caló - Raúl Berón_Azabache.flac",False,False,0,False,False,False
Corazón no le hagas caso,Miguel Caló / Raúl Berón,1942-09-29,tango,Musica: Armando Pontier - Letra: Carlos Bahr,"D:/Dropbox/TDJ/MUSICA/Angel/Caló, Miguel\1942_Caló - Raúl Berón_Corazon no le hagas caso.flac",False,False,0,False,False,False
Cuatro compases,Miguel Caló / Raúl Berón,1942-12-01,tango,Musica: Atilio Bruni - Letra: Oscar Rubens,"D:/Dropbox/TDJ/MUSICA/Angel/Caló, Miguel\1942_Caló - Raúl Berón_Cuatro compáses.flac",False,False,0,False,False,False
El vals soñador,Miguel Caló / Raúl Berón,1942-04-29,tango vals,Musica: Armando Pontier - Letra: Oscar Rubens,"D:/Dropbox/TDJ/MUSICA/Angel/Caló, Miguel\1942_Caló - Raúl Berón_El vals soñador.flac",False,False,0,False,False,False
Jamás retornarás,Miguel Caló / Raúl Berón,1942-10-09,tango,Musica: Osmar Maderna y Miguel Caló - Letra: Osmar Maderna y Miguel Caló,"D:/Dropbox/TDJ/MUSICA/Angel/Caló, Miguel\1942_Caló - Raúl Berón_Jamás retornarás.flac",False,False,0,False,False,False
Lejos de Buenos Aires,Miguel Caló / Raúl Berón,1942-07-29,tango,Musica: Alberto Suárez Villanueva - Letra: Oscar Rubens,"D:/Dropbox/TDJ/MUSICA/Angel/Caló, Miguel\1942_Caló - Raúl Berón_Lejos de Buenos Aires.flac",False,False,0,False,False,False
Margarita Gauthier,Miguel Caló / Raúl Berón,1942-09-09,tango,Musica: Joaquín Mora - Letra: Julio Jorge Nelson,"D:/Dropbox/TDJ/MUSICA/Angel/Caló, Miguel\1942_Caló - Raúl Berón_Margarita Gauthier.flac",False,False,0,False,False,False
Milonga antigua,Miguel Caló / Raúl Berón,1942-12-01,tango milonga,Musica: Carlos Parodi - Letra: Rafael Pignataro,"D:/Dropbox/TDJ/MUSICA/Angel/Caló, Miguel\1942_Caló - Raúl Berón_Milonga antigua.flac",False,False,0,False,False,False
Milonga que peina canas,Miguel Caló / Raúl Berón,1942-09-09,tango milonga,Musica: Alberto Gómez - Letra: Alberto Gómez,"D:/Dropbox/TDJ/MUSICA/Angel/Caló, Miguel\1942_Caló - Raúl Berón_Milonga que peina canas.flac",False,False,0,False,False,False
Que te importa que te llore,Miguel Caló / Raúl Berón,1942-06-30,tango,Musica: Miguel Caló y Osmar Maderna - Letra: Miguel Caló y Osmar Maderna,"D:/Dropbox/TDJ/MUSICA/Angel/Caló, Miguel\1942_Caló - Raúl Berón_Qué te importa que te llore.flac",False,False,0,False,False,False
Tarareando,Miguel Caló / Raúl Berón,1942-07-27,tango,Musica: Juan José Guichandut y Oscar Rubens - Letra: Juan José Guichandut y Oscar Rubens,"D:/Dropbox/TDJ/MUSICA/Angel/Caló, Miguel\1942_Caló - Raúl Berón_Tarareando.flac",False,False,0,False,False,False
Trasnochando,Miguel Caló / Raúl Berón,1942-06-30,tango,Musica: Armando Baliotti - Letra: Santiago Adamini,"D:/Dropbox/TDJ/MUSICA/Angel/Caló, Miguel\1942_Caló - Raúl Berón_Trasnochando.flac",False,False,0,False,False,False
Tristezas de la calle Corrientes,Miguel Caló / Raúl Berón,1942-09-02,tango,Musica: Domingo Federico - Letra: Homero Expósito,"D:/Dropbox/TDJ/MUSICA/Angel/Caló, Miguel\1942_Caló - Raúl Berón_Tristezas de la Calle Corrientes - Remaster.mp3",False,False,0,False,False,False
Tristezas de la calle Corrientes,Miguel Caló / Raúl Berón,1942-09-02,tango,Musica: Domingo Federico - Letra: Homero Expósito,"D:/Dropbox/TDJ/MUSICA/Angel/Caló, Miguel\1942_Caló - Raúl Berón_Triztezas de la calle Corrientes.flac",False,False,0,False,False,False
Un crimen,Miguel Caló / Raúl Berón,1942-10-09,tango,Musica: Luis Rubistein - Letra: Luis Rubistein,"D:/Dropbox/TDJ/MUSICA/Angel/Caló, Miguel\1942_Caló - Raúl Berón_Un crimen (Remaster).mp3",False,False,0,False,False,False
Un crimen,Miguel Caló / Raúl Berón,1942-10-09,tango,Musica: Luis Rubistein - Letra: Luis Rubistein,"D:/Dropbox/TDJ/MUSICA/Angel/Caló, Miguel\1942_Caló - Raúl Berón_Un crimen.flac",False,False,0,False,False,False
Percal,Miguel Caló / Alberto Podestá,1943-02-25,tango,Musica: Domingo Federico - Letra: Homero Expósito,"D:/Dropbox/TDJ/MUSICA/Angel/Caló, Miguel\1943_Caló - Alberto Podestá_Percal.flac",False,False,0,False,False,False
Si tú quisieras,Miguel Caló / Alberto Podestá,1943-03-18,tango,Musica: Francisco Pracánico - Letra: Luis Rubistein,"D:/Dropbox/TDJ/MUSICA/Angel/Caló, Miguel\1943_Caló - Alberto Podestá_Si tu quisieras.flac",False,False,0,False,False,False
A Martín Fierro,Miguel Caló,1943-03-18,tango,Musica: Francisco Federico,"D:/Dropbox/TDJ/MUSICA/Angel/Caló, Miguel\1943_Caló - Instr_A Martín Fierro.flac",False,False,0,False,False,False
Elegante papirusa,Miguel Caló,1943-12-27,tango,Musica: Tito Roccatagliata,"D:/Dropbox/TDJ/MUSICA/Angel/Caló, Miguel\1943_Caló - Instr_Elegante papirusa.flac",False,False,0,False,False,False
Inspiración,Miguel Caló,1943-01-20,tango,Musica: Peregrino Paulos - Letra: Luis Rubistein,"D:/Dropbox/TDJ/MUSICA/Angel/Caló, Miguel\1943_Caló - Instr_Inspiración.flac",False,False,0,False,False,False
La maleva,Miguel Caló,1943-08-10,tango,Musica: Antonio Buglione - Letra: Mario Pardo,"D:/Dropbox/TDJ/MUSICA/Angel/Caló, Miguel\1943_Caló - Instr_La maleva.flac",False,False,0,False,False,False
A las siete en el café,Miguel Caló / Jorge Ortiz,1943-01-20,tango,Musica: Armando Baliotti - Letra: Santiago Adamini,"D:/Dropbox/TDJ/MUSICA/Angel/Caló, Miguel\1943_Caló - Jorge Ortíz_A las 7 en el café.flac",False,False,0,False,False,False
Barrio de tango,Miguel Caló / Jorge Ortiz,1943-01-19,tango,Musica: Aníbal Troilo - Letra: Homero Manzi,"D:/Dropbox/TDJ/MUSICA/Angel/Caló, Miguel\1943_Caló - Jorge Ortíz_Barrio de tango.flac",False,False,0,False,False,False
De barro,Miguel Caló / Jorge Ortiz,1943-05-15,tango,Musica: Sebastián Piana - Letra: Homero Manzi,"D:/Dropbox/TDJ/MUSICA/Angel/Caló, Miguel\1943_Caló - Jorge Ortíz_De barro.flac",False,False,0,False,False,False
Mi cantar,Miguel Caló / Jorge Ortiz,1943-05-21,tango,Musica: Héctor Stamponi - Letra: Homero Expósito,"D:/Dropbox/TDJ/MUSICA/Angel/Caló, Miguel\1943_Caló - Jorge Ortíz_Mi cantar.flac",False,False,0,False,False,False
Pa' que seguir,Miguel Caló / Jorge Ortiz,1943-01-19,tango,Musica: Francisco Fiorentino - Letra: Pedro Lloret,"D:/Dropbox/TDJ/MUSICA/Angel/Caló, Miguel\1943_Caló - Jorge Ortíz_Pa' qué seguir.flac",False,False,0,False,False,False
Pobre negra,Miguel Caló / Jorge Ortiz,1943-06-10,tango milonga,Musica: Héctor Stamponi y Enrique Francini - Letra: Homero Expósito,"D:/Dropbox/TDJ/MUSICA/Angel/Caló, Miguel\1943_Caló - Jorge Ortíz_Pobre negra.flac",False,False,0,False,False,False
Ya sale el tren,Miguel Caló / Jorge Ortiz,1943-02-25,tango,Musica: Luis Rubistein - Letra: Luis Rubistein,"D:/Dropbox/TDJ/MUSICA/Angel/Caló, Miguel\1943_Caló - Jorge Ortíz_Ya sale el tren.flac",False,False,0,False,False,False
Ya sale el tren,MIguel Caló,25/0,tango,Luis Rubistein,"D:/Dropbox/TDJ/MUSICA/Angel/Caló, Miguel\1943_Caló - Jorge Ortíz_Ya sale el tren.mp3",False,False,0,False,False,False
Cuando tallan los recuerdos,MIguel Caló,21/0,tango,Musica: Rafael Rossi - Letra: Enrique Cadícamo,"D:/Dropbox/TDJ/MUSICA/Angel/Caló, Miguel\1943_Caló - Raul Iriarte_Cuando tallan los recuerdos.mp3",False,False,0,False,False,False
Gime el viento (remaster),MIguel Caló,29/11/1943,tango,Musica: Atilio Bruni - Letra: Oscar Rubens,"D:/Dropbox/TDJ/MUSICA/Angel/Caló, Miguel\1943_Caló - Raul Iriarte_Gime el viento (remaster).flac",False,False,0,False,False,False
Gime el viento,Miguel Caló / Raul Iriarte,1943-11-29,tango,Musica: Atilio Bruni - Letra: Oscar Rubens,"D:/Dropbox/TDJ/MUSICA/Angel/Caló, Miguel\1943_Caló - Raul Iriarte_Gime el viento.flac",False,False,0,False,False,False
Mañana iré temprano,Miguel Caló / Raul Iriarte,1943-08-10,tango,Musica: Enrique Francini - Letra: Carlos Bahr,"D:/Dropbox/TDJ/MUSICA/Angel/Caló, Miguel\1943_Caló - Raul Iriarte_Mañana ire temprano.mp3",False,False,0,False,False,False
A mi me llaman Juan Tango,Miguel Caló / Raul Iriarte,1943-11-23,tango,Musica: Tito Ribero - Letra: Carlos Waiss,"D:/Dropbox/TDJ/MUSICA/Angel/Caló, Miguel\1943_Caló - Raúl Iriarte_A mi me llaman Juan tango.flac",False,False,0,False,False,False
Cada dia te extraño mas,Miguel Caló / Raul Iriarte,1943-09-16,tango,Musica: Armando Pontier - Letra: Carlos Bahr,"D:/Dropbox/TDJ/MUSICA/Angel/Caló, Miguel\1943_Caló - Raúl Iriarte_Cada día te extraño más (mono).flac",False,False,0,False,False,False
Cada dia te extraño mas,Miguel Caló / Raul Iriarte,1943-09-16,tango,Musica: Armando Pontier - Letra: Carlos Bahr,"D:/Dropbox/TDJ/MUSICA/Angel/Caló, Miguel\1943_Caló - Raúl Iriarte_Cada día te extraño más.flac",False,False,0,False,False,False
Cada dia te extraño mas,Miguel Caló / Raul Iriarte,1943-09-16,tango,Musica: Armando Pontier - Letra: Carlos Bahr,"D:/Dropbox/TDJ/MUSICA/Angel/Caló, Miguel\1943_Caló - Raúl Iriarte_Cada día te extraño más.m4a",False,False,0,False,False,False
Cuando tallan los recuerdos,Miguel Caló / Raul Iriarte,1943-03-21,tango,Musica: Rafael Rossi - Letra: Enrique Cadícamo,"D:/Dropbox/TDJ/MUSICA/Angel/Caló, Miguel\1943_Caló - Raúl Iriarte_Cuando tallan los recuerdos.flac",False,False,0,False,False,False
Cuento azul,Miguel Caló / Raul Iriarte,1943-06-11,tango,Musica: Miguel Caló y Osmar Maderna - Letra: Julio Jorge Nelson,"D:/Dropbox/TDJ/MUSICA/Angel/Caló, Miguel\1943_Caló - Raúl Iriarte_Cuento azul.flac",False,False,0,False,False,False
Cuento azul,Miguel Caló / Raul Iriarte,1943-06-11,tango,Musica: Miguel Caló y Osmar Maderna - Letra: Julio Jorge Nelson,"D:/Dropbox/TDJ/MUSICA/Angel/Caló, Miguel\1943_Caló - Raúl Iriarte_Cuento azul.m4a",False,False,0,False,False,False
Cuento azul,Miguel Caló / Raul Iriarte,1943-06-11,tango,Musica: Miguel Caló y Osmar Maderna - Letra: Julio Jorge Nelson,"D:/Dropbox/TDJ/MUSICA/Angel/Caló, Miguel\1943_Caló - Raúl Iriarte_Cuento azul_Restaurado_hard.m4a",False,False,0,False,False,False
Es en vano llorar,Miguel Caló / Raul Iriarte,1943-05-17,tango,Musica: Alberto Suárez Villanueva - Letra: Oscar Rubens,"D:/Dropbox/TDJ/MUSICA/Angel/Caló, Miguel\1943_Caló - Raúl Iriarte_Es en vano llorar.flac",False,False,0,False,False,False
Luna de plata,Miguel Caló / Raul Iriarte,1943-10-10,tango vals,Musica: Osmar Maderna - Letra: Miguel Caló,"D:/Dropbox/TDJ/MUSICA/Angel/Caló, Miguel\1943_Caló - Raúl Iriarte_Luna de plata.flac",False,False,0,False,False,False
Marión,Miguel Caló / Raul Iriarte,1943-12-27,tango,Musica: Luis Rubistein - Letra: Luis Rubistein,"D:/Dropbox/TDJ/MUSICA/Angel/Caló, Miguel\1943_Caló - Raúl Iriarte_Marión.flac",False,False,0,False,False,False
Marión,MIguel Caló,27-1,tango,Luis Rubistein,"D:/Dropbox/TDJ/MUSICA/Angel/Caló, Miguel\1943_Caló - Raúl Iriarte_Marión.mp3",False,False,0,False,False,False
Mañana iré temprano,Miguel Caló / Raul Iriarte,1943-08-10,tango,Musica: Enrique Francini - Letra: Carlos Bahr,"D:/Dropbox/TDJ/MUSICA/Angel/Caló, Miguel\1943_Caló - Raúl Iriarte_Mañana iré temprano.flac",False,False,0,False,False,False
Nada,MIguel Caló,09-03-1943,tango,José Damés & Horacio Sanguinetti,"D:/Dropbox/TDJ/MUSICA/Angel/Caló, Miguel\1943_Caló - Raúl Iriarte_Nada.flac",False,False,0,False,False,False
Tango y copas (Otro tango),Miguel Caló / Raul Iriarte,1943-06-11,tango,Musica: Héctor Artola - Letra: Carlos Bahr,"D:/Dropbox/TDJ/MUSICA/Angel/Caló, Miguel\1943_Caló - Raúl Iriarte_Otro tango.flac",False,False,0,False,False,False
Tango y copas (Otro tango),Miguel Caló / Raul Iriarte,1943-06-11,tango,Musica: Héctor Artola - Letra: Carlos Bahr,"D:/Dropbox/TDJ/MUSICA/Angel/Caló, Miguel\1943_Caló - Raúl Iriarte_Tango y copas.flac",False,False,0,False,False,False
Verdemar,Miguel Caló / Raul Iriarte,1943-09-28,tango,Musica: Carlos Di Sarli - Letra: José María Contursi,"D:/Dropbox/TDJ/MUSICA/Angel/Caló, Miguel\1943_Caló - Raúl Iriarte_Verdemar.flac",False,False,0,False,False,False
Saludos,Miguel Caló,1944-08-23,tango,Musica: Domingo Federico y Francisco Federico,"D:/Dropbox/TDJ/MUSICA/Angel/Caló, Miguel\1944_Caló - Instr_Saludos.flac",False,False,0,False,False,False
Saludos,Miguel Caló,1944-08-23,tango,Musica: Domingo Federico y Francisco Federico,"D:/Dropbox/TDJ/MUSICA/Angel/Caló, Miguel\1944_Caló - Instr_Saludos.mp3",False,False,0,False,False,False
Sans souci,Miguel Caló,1944-07-07,tango,Musica: Enrique Delfino,"D:/Dropbox/TDJ/MUSICA/Angel/Caló, Miguel\1944_Caló - Instr_Sans Souci.flac",False,False,0,False,False,False
La de ojos tristes,MIguel Caló,14/12/1944,tango,Musica: Edgardo Donato - Letra: Héctor Marcó,"D:/Dropbox/TDJ/MUSICA/Angel/Caló, Miguel\1944_Caló - Luis Tolosa_La de ojos tristes.flac",False,False,0,False,False,False
Mi natai,Miguel Caló / Luis Tolosa,1944-12-14,tango,Musica: Félix Lipesker y Jerome Once - Letra: Félix Lipesker y Jerome Once,"D:/Dropbox/TDJ/MUSICA/Angel/Caló, Miguel\1944_Caló - Luis Tolosa_Mi Natai.flac",False,False,0,False,False,False
Me duele el corazón,Miguel Caló / Raul Iriarte y los trovadores del Peru,1944-11-07,tango vals,Musica: C. Yegui y Luis Mendoza - Letra: C. Yegui y Luis Mendoza,"D:/Dropbox/TDJ/MUSICA/Angel/Caló, Miguel\1944_Caló - Raul Iriarte y Los Trovadores del Perú_Me duele el corazón.flac",False,False,0,False,False,False
Bohardilla,Miguel Caló / Raul Iriarte,1944-04-19,tango,Musica: Rodolfo Blasi - Letra: Horacio Sanguinetti,"D:/Dropbox/TDJ/MUSICA/Angel/Caló, Miguel\1944_Caló - Raul Iriarte_Bohardilla.m4a",False,False,0,False,False,False
El Desafio-Remaster,MIguel Caló,09/0,tango milonga,Musica: René Ruiz - Letra: Charrúa (Gualberto Márquez),"D:/Dropbox/TDJ/MUSICA/Angel/Caló, Miguel\1944_Caló - Raul Iriarte_El Desafio-Remaster.mp3",False,False,0,False,False,False
El desafío,Miguel Caló / Raul Iriarte,1944-03-09,tango milonga,Musica: René Ruiz - Letra: Charrúa (Gualberto Márquez),"D:/Dropbox/TDJ/MUSICA/Angel/Caló, Miguel\1944_Caló - Raul Iriarte_El Desafio.flac",False,False,0,False,False,False
Domingo a la noche,Miguel Caló / Raúl Berón,1944-08-16,tango,Musica: Juan José Guichandut - Letra: Oscar Rubens,"D:/Dropbox/TDJ/MUSICA/Angel/Caló, Miguel\1944_Caló - Raúl Berón_Domingo a la noche.flac",False,False,0,False,False,False
En tus ojos de cielo,Miguel Caló / Raúl Berón,1944-07-16,tango,Musica: Osmar Maderna - Letra: Luis Rubistein,"D:/Dropbox/TDJ/MUSICA/Angel/Caló, Miguel\1944_Caló - Raúl Berón_En tus ojos de cielo.flac",False,False,0,False,False,False
Entre Sueños (Restored),MIguel Caló,08/05/1944,tango,Anselmo Aieta & Francisco García Jiménez,"D:/Dropbox/TDJ/MUSICA/Angel/Caló, Miguel\1944_Caló - Raúl Berón_Entre Sueños (Restored).m4a",False,False,0,False,False,False
Entre sueños,Miguel Caló / Raúl Berón,1944-08-05,tango,Musica: Anselmo Aieta y Juan Polito - Letra: Francisco García Jiménez,"D:/Dropbox/TDJ/MUSICA/Angel/Caló, Miguel\1944_Caló - Raúl Berón_Entre sueños.flac",False,False,0,False,False,False
Jugando jugando,Miguel Caló / Raúl Berón,1944-08-28,tango vals,Musica: Miguel Caló - Letra: Oscar Rubens,"D:/Dropbox/TDJ/MUSICA/Angel/Caló, Miguel\1944_Caló - Raúl Berón_Jugando... jugando.flac",False,False,0,False,False,False
La abandoné y no sabía,Miguel Caló / Raúl Berón,1944-04-27,tango,Musica: José Canet - Letra: José Canet,"D:/Dropbox/TDJ/MUSICA/Angel/Caló, Miguel\1944_Caló - Raúl Berón_La abandoné y no sabía.flac",False,False,0,False,False,False
Mulata,Miguel Caló / Raúl Berón,1944-06-22,tango milonga,Musica: Roberto Nievas Blanco - Letra: Roberto Nievas Blanco,"D:/Dropbox/TDJ/MUSICA/Angel/Caló, Miguel\1944_Caló - Raúl Berón_Mulata.flac",False,False,0,False,False,False
Bohardilla,Miguel Caló / Raul Iriarte,1944-04-19,tango,Musica: Rodolfo Blasi - Letra: Horacio Sanguinetti,"D:/Dropbox/TDJ/MUSICA/Angel/Caló, Miguel\1944_Caló - Raúl Iriarte_Bohardilla.flac",False,False,0,False,False,False
De seis a siete,Miguel Caló / Raul Iriarte,1944-10-24,tango,Musica: José Canet - Letra: José Canet,"D:/Dropbox/TDJ/MUSICA/Angel/Caló, Miguel\1944_Caló - Raúl Iriarte_De 6 a 7.flac",False,False,0,False,False,False
Fantasma,Miguel Caló / Raul Iriarte,1944-10-24,tango,Musica: Enrique Delfino - Letra: Cátulo Castillo,"D:/Dropbox/TDJ/MUSICA/Angel/Caló, Miguel\1944_Caló - Raúl Iriarte_Fantasma (mono).flac",False,False,0,False,False,False
Fantasma,Miguel Caló / Raul Iriarte,1944-10-24,tango,Musica: Enrique Delfino - Letra: Cátulo Castillo,"D:/Dropbox/TDJ/MUSICA/Angel/Caló, Miguel\1944_Caló - Raúl Iriarte_Fantasma.flac",False,False,0,False,False,False
La vi llegar,Miguel Caló / Raul Iriarte,1944-04-19,tango,Musica: Enrique Francini - Letra: Julián Centeya,"D:/Dropbox/TDJ/MUSICA/Angel/Caló, Miguel\1944_Caló - Raúl Iriarte_La ví llegar.flac",False,False,0,False,False,False
Madalit,Miguel Caló / Raul Iriarte,1944-11-07,tango,Musica: Enrique Delfino - Letra: Agustín Horacio Delamónica,"D:/Dropbox/TDJ/MUSICA/Angel/Caló, Miguel\1944_Caló - Raúl Iriarte_Madalit.flac",False,False,0,False,False,False
Mi tango es triste,Miguel Caló / Raul Iriarte,1944-08-28,tango,Musica: Elías Randal - Letra: Marvil,"D:/Dropbox/TDJ/MUSICA/Angel/Caló, Miguel\1944_Caló - Raúl Iriarte_Mi tango es triste.flac",False,False,0,False,False,False
Orquestas de mi ciudad,Miguel Caló / Raul Iriarte,1944-01-28,tango,Musica: Francisco Fiorentino - Letra: Avlis (Erasmo Silva Cabrera),"D:/Dropbox/TDJ/MUSICA/Angel/Caló, Miguel\1944_Caló - Raúl Iriarte_Orquestas de mi ciudad.flac",False,False,0,False,False,False
Si yo pudiera comprender,Miguel Caló / Raul Iriarte,1944-01-28,tango,Musica: Miguel Caló - Letra: Oscar Rubens,"D:/Dropbox/TDJ/MUSICA/Angel/Caló, Miguel\1944_Caló - Raúl Iriarte_Si yo pudiera comprender.flac",False,False,0,False,False,False
Tabaco,Miguel Caló / Raul Iriarte,1944-06-14,tango,Musica: Armando Pontier - Letra: José María Contursi,"D:/Dropbox/TDJ/MUSICA/Angel/Caló, Miguel\1944_Caló - Raúl Iriarte_Tabaco.flac",False,False,0,False,False,False
Tierra querida,Miguel Caló,1945-01-19,tango,Musica: Julio De Caro - Letra: Luis Diaz,"D:/Dropbox/TDJ/MUSICA/Angel/Caló, Miguel\1945_Caló - Instr_Tierra querida.flac",False,False,0,False,False,False
Sol,Miguel Caló / Luis Tolosa,1945-05-22,tango,Musica: Miguel Nijensohn y José Nieso - Letra: José María Suñé,"D:/Dropbox/TDJ/MUSICA/Angel/Caló, Miguel\1945_Caló - Luis Tolosa_Sol.flac",False,False,0,False,False,False
Bien criolla y bien porteña,Miguel Caló / Raul Iriarte y Luis Tolosa,1945-03-09,tango milonga,Musica: Armando Pontier - Letra: Homero Expósito,"D:/Dropbox/TDJ/MUSICA/Angel/Caló, Miguel\1945_Caló - Raul Iriarte y Luis Tolosa_Bien criolla y bien porteña.flac",False,False,0,False,False,False
Canción desesperada,Miguel Caló / Raul Iriarte,1945-12-27,tango,Musica: Enrique Santos Discépolo - Letra: Enrique Santos Discépolo,"D:/Dropbox/TDJ/MUSICA/Angel/Caló, Miguel\1945_Caló - Raul Iriarte_Cancion desesperada.m4a",False,False,0,False,False,False
Cosas De Tango,MIguel Caló,02/1,tango,,"D:/Dropbox/TDJ/MUSICA/Angel/Caló, Miguel\1945_Caló - Raul Iriarte_Cosas De Tango.mp3",False,False,0,False,False,False
Amor y Tango,Miguel Caló / Raul Iriarte,1945-11-03,tango,Musica: José Basso - Letra: Carlos Bahr,"D:/Dropbox/TDJ/MUSICA/Angel/Caló, Miguel\1945_Caló - Raúl Iriarte_Amor y tango.flac",False,False,0,False,False,False
Canción desesperada,Miguel Caló / Raul Iriarte,1945-12-27,tango,Musica: Enrique Santos Discépolo - Letra: Enrique Santos Discépolo,"D:/Dropbox/TDJ/MUSICA/Angel/Caló, Miguel\1945_Caló - Raúl Iriarte_Canción desesperada.flac",False,False,0,False,False,False
Cosas de tango,Miguel Caló / Raul Iriarte,1945-11-02,tango,Musica: Tito Ribero - Letra: Rodolfo Taboada,"D:/Dropbox/TDJ/MUSICA/Angel/Caló, Miguel\1945_Caló - Raúl Iriarte_Cosas de tango.flac",False,False,0,False,False,False
Después,MIguel Caló,10-01-1945,tango,Hugo Guitiérrez & Homero Manzi,"D:/Dropbox/TDJ/MUSICA/Angel/Caló, Miguel\1945_Caló - Raúl Iriarte_Después.flac",False,False,0,False,False,False
El mismo dolor,Miguel Caló / Raul Iriarte,1945-12-19,tango vals,Musica: Enrique Francini - Letra: Carlos Bahr,"D:/Dropbox/TDJ/MUSICA/Angel/Caló, Miguel\1945_Caló - Raúl Iriarte_El mismo dolor.flac",False,False,0,False,False,False
Enrique Delfino,Miguel Caló / Raul Iriarte,1945-08-10,tango,Musica: Roberto Nievas Blanco - Letra: Oscar Rubens,"D:/Dropbox/TDJ/MUSICA/Angel/Caló, Miguel\1945_Caló - Raúl Iriarte_Enrique Delfino.flac",False,False,0,False,False,False
Fruta Amarga,Miguel Caló / Raul Iriarte,1945-05-22,tango,Musica: Hugo Gutiérrez - Letra: Homero Manzi,"D:/Dropbox/TDJ/MUSICA/Angel/Caló, Miguel\1945_Caló - Raúl Iriarte_Fruta amarga.flac",False,False,0,False,False,False
Garras (Restored),MIguel Caló,08/03/1945,tango,Aníbal Troilo & José María Contursi,"D:/Dropbox/TDJ/MUSICA/Angel/Caló, Miguel\1945_Caló - Raúl Iriarte_Garras (Restored).m4a",False,False,0,False,False,False
Garras,Miguel Caló / Raul Iriarte,1945-03-08,tango,Musica: Aníbal Troilo - Letra: José María Contursi,"D:/Dropbox/TDJ/MUSICA/Angel/Caló, Miguel\1945_Caló - Raúl Iriarte_Garras.flac",False,False,0,False,False,False
Igual que una sombra,Miguel Caló / Raul Iriarte,1945-01-19,tango,Musica: Osvaldo Pugliese - Letra: Enrique Cadícamo,"D:/Dropbox/TDJ/MUSICA/Angel/Caló, Miguel\1945_Caló - Raúl Iriarte_Igual que una sombra.flac",False,False,0,False,False,False
Igual que una sombra,Miguel Caló / Raul Iriarte,1945-01-19,tango,Musica: Osvaldo Pugliese - Letra: Enrique Cadícamo,"D:/Dropbox/TDJ/MUSICA/Angel/Caló, Miguel\1945_Caló - Raúl Iriarte_Igual que una sombra.mp3",False,False,0,False,False,False
La noche que te fuiste,Miguel Caló / Raul Iriarte,1945-02-20,tango,Musica: Osmar Maderna - Letra: José María Contursi,"D:/Dropbox/TDJ/MUSICA/Angel/Caló, Miguel\1945_Caló - Raúl Iriarte_La noche que te fuiste.flac",False,False,0,False,False,False
Lluvia de abril,Miguel Caló / Raul Iriarte,1945-02-20,tango,Musica: Enrique Francini - Letra: Julián Centeya,"D:/Dropbox/TDJ/MUSICA/Angel/Caló, Miguel\1945_Caló - Raúl Iriarte_Lluvia de Abril.flac",False,False,0,False,False,False
Margo,Miguel Caló / Raul Iriarte,1945-11-15,tango,Musica: Armando Pontier - Letra: Homero Expósito,"D:/Dropbox/TDJ/MUSICA/Angel/Caló, Miguel\1945_Caló - Raúl Iriarte_Margo.flac",False,False,0,False,False,False
Margo,Miguel Caló / Raul Iriarte,1945-11-15,tango,Musica: Armando Pontier - Letra: Homero Expósito,"D:/Dropbox/TDJ/MUSICA/Angel/Caló, Miguel\1945_Caló - Raúl Iriarte_Margo.mp3",False,False,0,False,False,False
Mañana no estarás,Miguel Caló / Raul Iriarte,1945-12-29,tango,Musica: Ariel Gessaghi - Letra: Horacio Sanguinetti,"D:/Dropbox/TDJ/MUSICA/Angel/Caló, Miguel\1945_Caló - Raúl Iriarte_Mañana no estarás.flac",False,False,0,False,False,False
No te olvides de mi corazón,Miguel Caló / Raul Iriarte,1945-07-05,tango vals,Musica: Don Fabián - Letra: Don Fabián,"D:/Dropbox/TDJ/MUSICA/Angel/Caló, Miguel\1945_Caló - Raúl Iriarte_No te olvides de mi corazón.flac",False,False,0,False,False,False
Por la cuesta arriba,Miguel Caló / Raul Iriarte,1945-06-05,tango,Musica: Argentino Galván - Letra: Carlos Bahr,"D:/Dropbox/TDJ/MUSICA/Angel/Caló, Miguel\1945_Caló - Raúl Iriarte_Por la cuesta arriba.flac",False,False,0,False,False,False
Seis días,Miguel Caló / Raul Iriarte,1945-06-05,tango,Musica: Manuel Sucher - Letra: Carlos Bahr,"D:/Dropbox/TDJ/MUSICA/Angel/Caló, Miguel\1945_Caló - Raúl Iriarte_Seis días.flac",False,False,0,False,False,False
Soledad... la de barracas,MIguel Caló,05/07/1945,tango,José García & Carlos Bahr,"D:/Dropbox/TDJ/MUSICA/Angel/Caló, Miguel\1945_Caló - Raúl Iriarte_Soledad... la de barracas.flac",False,False,0,False,False,False
Trenzas,Miguel Caló / Raul Iriarte,1945-02-20,tango,Musica: Armando Pontier - Letra: Homero Expósito,"D:/Dropbox/TDJ/MUSICA/Angel/Caló, Miguel\1945_Caló - Raúl Iriarte_Trenzas.flac",False,False,0,False,False,False
Cimarrón de ausencia,Miguel Caló / Roberto Arrieta,1945-07-08,tango milonga,Musica: Juan Larenza - Letra: Marsilio Robles,"D:/Dropbox/TDJ/MUSICA/Angel/Caló, Miguel\1945_Caló - Roberto Arrieta_Cimarrón de ausencia.flac",False,False,0,False,False,False
Corazón si la vieras,Miguel Caló / Roberto Arrieta,1945-12-29,tango,Musica: Pedro Pandolfi - Letra: Cátulo Castillo,"D:/Dropbox/TDJ/MUSICA/Angel/Caló, Miguel\1945_Caló - Roberto Arrieta_Corazón si la viera.flac",False,False,0,False,False,False
Pudo ser una vida,Miguel Caló / Roberto Arrieta,1945-12-27,tango,Musica: Elías Randal - Letra: Carlos Bahr,"D:/Dropbox/TDJ/MUSICA/Angel/Caló, Miguel\1945_Caló - Roberto Arrieta_Pudo ser una vida.flac",False,False,0,False,False,False
Quedó venir a las 9,MIguel Caló,07/08/1945,tango,Juan Polito & Luis Caruso,"D:/Dropbox/TDJ/MUSICA/Angel/Caló, Miguel\1945_Caló - Roberto Arrieta_Quedó venir a las 9.flac",False,False,0,False,False,False
Tedio,Miguel Caló / Roberto Arrieta,1945-09-14,tango,Musica: Miguel Bucino - Letra: Miguel Bucino,"D:/Dropbox/TDJ/MUSICA/Angel/Caló, Miguel\1945_Caló - Roberto Arrieta_Tedío.flac",False,False,0,False,False,False
Una tarde cualquiera,Miguel Caló / Roberto Arrieta,1945-11-15,tango,Musica: Roberto Puccio y Miguel Ángel Puccio - Letra: Rodolfo Taboada,"D:/Dropbox/TDJ/MUSICA/Angel/Caló, Miguel\1945_Caló - Roberto Arrieta_Una tarde cualquiera.flac",False,False,0,False,False,False
Valsecito,Miguel Caló / Roberto Arrieta,1945-09-14,tango vals,Musica: Miguel Caló y Félix Lipesker - Letra: Carlos Bahr,"D:/Dropbox/TDJ/MUSICA/Angel/Caló, Miguel\1945_Caló - Roberto Arrieta_Valsecito.flac",False,False,0,False,False,False
El cuatrero (El tigre),Miguel Caló,1946-04-04,tango,Musica: Agustín Bardi,"D:/Dropbox/TDJ/MUSICA/Angel/Caló, Miguel\1946_Caló - Instr_El cuatrero.flac",False,False,0,False,False,False
Loco turbión,Miguel Caló / Raul Iriarte y Roberto Arrieta,1946-03-15,tango,Musica: Vicente Spina - Letra: Roberto Miró,"D:/Dropbox/TDJ/MUSICA/Angel/Caló, Miguel\1946_Caló - Raul Iriarte y Roberto Arrieta_Loco Turbion.flac",False,False,0,False,False,False
Trapitos,Miguel Caló / Raul Iriarte y Roberto Arrieta,1946-03-15,tango milonga,Musica: José Canet - Letra: José Canet,"D:/Dropbox/TDJ/MUSICA/Angel/Caló, Miguel\1946_Caló - Raul Iriarte_Trapitos.flac",False,False,0,False,False,False
Trapitos,MIguel Caló,15/0,tango milonga,José Canet,"D:/Dropbox/TDJ/MUSICA/Angel/Caló, Miguel\1946_Caló - Raul Iriarte_Trapitos.mp3",False,False,0,False,False,False
Flor de lino,Miguel Caló / Raul Iriarte,1946-12-03,tango vals,Musica: Héctor Stamponi - Letra: Homero Expósito,"D:/Dropbox/TDJ/MUSICA/Angel/Caló, Miguel\1946_Caló - Raúl Iriarte_Flor de lino.flac",False,False,0,False,False,False
Me llamo Anselmo Contreras,Miguel Caló / Raul Iriarte,1946-03-08,tango,Musica: Miguel Nijensohn - Letra: Cátulo Castillo,"D:/Dropbox/TDJ/MUSICA/Angel/Caló, Miguel\1946_Caló - Raúl Iriarte_Me llamo Anselmo Contreras.flac",False,False,0,False,False,False
Tarde gris (mono),MIguel Caló,12/12/1946,tango,Juan Bautista Guido & Luis Rubistein,"D:/Dropbox/TDJ/MUSICA/Angel/Caló, Miguel\1946_Caló - Raúl Iriarte_Tarde gris (mono).m4a",False,False,0,False,False,False
Tarde gris,Miguel Caló / Raul Iriarte,1946-12-12,tango,Musica: Juan Bautista Guido - Letra: Luis Rubistein,"D:/Dropbox/TDJ/MUSICA/Angel/Caló, Miguel\1946_Caló - Raúl Iriarte_Tarde gris.flac",False,False,0,False,False,False
En secreto,Miguel Caló / Roberto Arrieta,1946-12-12,tango,Musica: Vicente Demarco - Letra: Alfredo Faustino Roldán,"D:/Dropbox/TDJ/MUSICA/Angel/Caló, Miguel\1946_Caló - Roberto Arrieta_En secreto.flac",False,False,0,False,False,False
Inútil,Miguel Caló / Roberto Arrieta,1946-12-03,tango,Musica: Tito Ribero - Letra: Reinaldo Yiso,"D:/Dropbox/TDJ/MUSICA/Angel/Caló, Miguel\1946_Caló - Roberto Arrieta_Inútil.flac",False,False,0,False,False,False
Inútil,Miguel Caló / Roberto Arrieta,1946-12-03,tango,Musica: Tito Ribero - Letra: Reinaldo Yiso,"D:/Dropbox/TDJ/MUSICA/Angel/Caló, Miguel\1946_Caló - Roberto Arrieta_Inútil.mp3",False,False,0,False,False,False
Qué cosas tiene la vida,Miguel Caló / Roberto Arrieta,1946-04-04,tango,Musica: Enrique Munné - Letra: Roberto Lambertucci,"D:/Dropbox/TDJ/MUSICA/Angel/Caló, Miguel\1946_Caló - Roberto Arrieta_Que cosas tiene la vida.flac",False,False,0,False,False,False
Que Cosas Tiene La Vida,MIguel Caló,04/0,tango,Enrique Munné & Roberto Lambertucci,"D:/Dropbox/TDJ/MUSICA/Angel/Caló, Miguel\1946_Caló - Roberto Arrieta_Que Cosas Tiene La Vida.mp3",False,False,0,False,False,False
Qué me van a hablar de amor,Miguel Caló / Roberto Arrieta,1946-03-08,tango,Musica: Héctor Stamponi - Letra: Homero Expósito,"D:/Dropbox/TDJ/MUSICA/Angel/Caló, Miguel\1946_Caló - Roberto Arrieta_Que me van a hablar de amor.flac",False,False,0,False,False,False
El plebeyo,Miguel Caló / Raul Iriarte y los trovadores del Peru,1947-05-09,tango vals,Musica: Felipe Pinglo - Letra: Felipe Pinglo,"D:/Dropbox/TDJ/MUSICA/Angel/Caló, Miguel\1947_Caló - Raul Iriarte, Riverol, Cabral y Palacio_El plebeyo.flac",False,False,0,False,False,False
El penado catorce,Miguel Caló / Raul Iriarte,1947-06-26,tango,Musica: Agustín Magaldi y Pedro Noda - Letra: Carlos Pesce,"D:/Dropbox/TDJ/MUSICA/Angel/Caló, Miguel\1947_Caló - Raul Iriarte_El penado catorce.flac",False,False,0,False,False,False
Plomo,Miguel Caló / Raul Iriarte,1947-06-26,tango,Musica: Luis Rubistein - Letra: Luis Rubistein,"D:/Dropbox/TDJ/MUSICA/Angel/Caló, Miguel\1947_Caló - Raul Iriarte_Plomo.mp3",False,False,0,False,False,False
Extraña,Miguel Caló / Raul Iriarte,1947-01-21,tango,Musica: Miguel Caló y Roberto Nievas Blanco - Letra: Oscar Rubens,"D:/Dropbox/TDJ/MUSICA/Angel/Caló, Miguel\1947_Caló - Raúl Iriarte_Extraña.flac",False,False,0,False,False,False
Los despojos,Miguel Caló / Raul Iriarte,1947-05-09,tango,Musica: José Dames - Letra: Horacio Sanguinetti,"D:/Dropbox/TDJ/MUSICA/Angel/Caló, Miguel\1947_Caló - Raúl Iriarte_Los despojos.flac",False,False,0,False,False,False
Rebeldía,Miguel Caló / Raul Iriarte,1947-01-21,tango,Musica: Roberto Nievas Blanco y Oscar Rubens - Letra: Roberto Nievas Blanco y Oscar Rubens,"D:/Dropbox/TDJ/MUSICA/Angel/Caló, Miguel\1947_Caló - Raúl Iriarte_Rebeldía.flac",False,False,0,False,False,False
Yo,MIguel Caló,1947-05-09,tango,Juan José Guichandut,"D:/Dropbox/TDJ/MUSICA/Angel/Caló, Miguel\1947_Caló - Raúl Iriarte_Yo.flac",False,False,0,False,False,False
Oyeme,Miguel Caló / Raul Iriarte,1947-10-22,tango,Musica: Enrique Francini - Letra: Homero Expósito,"D:/Dropbox/TDJ/MUSICA/Angel/Caló, Miguel\1947_Caló - Raúl Iriarte_Óyeme.flac",False,False,0,False,False,False
Cambalache,Miguel Caló / Roberto Arrieta,1947-04-25,tango,Musica: Enrique Santos Discepolo - Letra: Enrique Santos Discepolo,"D:/Dropbox/TDJ/MUSICA/Angel/Caló, Miguel\1947_Caló - Roberto Arrieta_Cambalache.flac",False,False,0,False,False,False
Cambalache_louder,MIguel Caló,25/04/1947,tango,Enrique Santos Discépolo,"D:/Dropbox/TDJ/MUSICA/Angel/Caló, Miguel\1947_Caló - Roberto Arrieta_Cambalache_louder.flac",False,False,0,False,False,False
La negra quiere bailar,Miguel Caló / Roberto Arrieta,1947-10-22,tango milonga,Musica: José Ranieri - Letra: Carlos Bahr,"D:/Dropbox/TDJ/MUSICA/Angel/Caló, Miguel\1947_Caló - Roberto Arrieta_La negra quiere bailar.flac",False,False,0,False,False,False
Sin comprender,Miguel Caló / Roberto Arrieta,1947-04-25,tango,Musica: Miguel Nijensohn - Letra: Carlos Bahr,"D:/Dropbox/TDJ/MUSICA/Angel/Caló, Miguel\1947_Caló - Roberto Arrieta_Sin comprender.flac",False,False,0,False,False,False
Echale sal,Miguel Caló,1948-08-09,tango,Musica: Miguel Caló y Víctor Braña,"D:/Dropbox/TDJ/MUSICA/Angel/Caló, Miguel\1948_Caló - Instr_Echále sal.flac",False,False,0,False,False,False
La guiñada,Miguel Caló,1948-06-09,tango,Musica: Agustín Bardi,"D:/Dropbox/TDJ/MUSICA/Angel/Caló, Miguel\1948_Caló - Instr_La guiñada.flac",False,False,0,False,False,False
Pimienta,Miguel Caló,1948-04-27,tango,Musica: Osvaldo Fresedo,"D:/Dropbox/TDJ/MUSICA/Angel/Caló, Miguel\1948_Caló - Instr_Pimienta.flac",False,False,0,False,False,False
Unión cívica,Miguel Caló,1948-12-15,tango,Musica: Domingo Santa Cruz,"D:/Dropbox/TDJ/MUSICA/Angel/Caló, Miguel\1948_Caló - Instr_Unión cívica.flac",False,False,0,False,False,False
Tanto,Miguel Caló / Mario Cané,1948-12-15,tango,Musica: Elías Randal - Letra: Carlos Bahr,"D:/Dropbox/TDJ/MUSICA/Angel/Caló, Miguel\1948_Caló - Mario Cané_Tanto.flac",False,False,0,False,False,False
A la gran muñeca,Miguel Caló / Roberto Arrieta,1948-05-01,tango,Musica: Jesus Ventura - Letra: Miguel Osés,"D:/Dropbox/TDJ/MUSICA/Angel/Caló, Miguel\1948_Caló - Roberto Arrieta_A la gran muñeca.flac",False,False,0,False,False,False
Carriego,Miguel Caló / Roberto Arrieta,1948-01-05,tango,Musica: Roberto Nievas Blanco - Letra: Julio Jorge Nelson,"D:/Dropbox/TDJ/MUSICA/Angel/Caló, Miguel\1948_Caló - Roberto Arrieta_Carriego.flac",False,False,0,False,False,False
Carriego,Miguel Caló / Roberto Arrieta,1948-01-05,tango,Musica: Roberto Nievas Blanco - Letra: Julio Jorge Nelson,"D:/Dropbox/TDJ/MUSICA/Angel/Caló, Miguel\1948_Caló - Roberto Arrieta_Carriego.mp3",False,False,0,False,False,False
Corazón de papel,Miguel Caló / Roberto Arrieta,1948-09-23,tango,Musica: Cátulo Castillo - Letra: Alberto Franco,"D:/Dropbox/TDJ/MUSICA/Angel/Caló, Miguel\1948_Caló - Roberto Arrieta_Corazón de papel.flac",False,False,0,False,False,False
No Te Perdono Mas,Miguel Caló / Roberto Arrieta,1948-04-27,tango,Musica: Rodolfo Sciammarella - Letra: Rodolfo Sciammarella,"D:/Dropbox/TDJ/MUSICA/Angel/Caló, Miguel\1948_Caló - Roberto Arrieta_No te perdono más.flac",False,False,0,False,False,False
Nostalgias,Miguel Caló / Roberto Arrieta,1948-08-09,tango,Musica: Juan Carlos Cobián - Letra: Enrique Cadícamo,"D:/Dropbox/TDJ/MUSICA/Angel/Caló, Miguel\1948_Caló - Roberto Arrieta_Nostalgias.flac",False,False,0,False,False,False
Nunca mas,Miguel Caló / Roberto Arrieta,1948-09-23,tango,Musica: Francisco Lomuto - Letra: Oscar Lomuto,"D:/Dropbox/TDJ/MUSICA/Angel/Caló, Miguel\1948_Caló - Roberto Arrieta_Nunca más.flac",False,False,0,False,False,False
Pobre mi madre querida,Miguel Caló / Roberto Arrieta,1948-06-09,tango vals,Musica: José Betinotti - Letra: José Betinotti,"D:/Dropbox/TDJ/MUSICA/Angel/Caló, Miguel\1948_Caló - Roberto Arrieta_Pobre mi madre querida.flac",False,False,0,False,False,False
La guitarrita,Miguel Caló,1949-12-29,tango,Musica: Eduardo Arolas - Letra: Gabriel Clausi,"D:/Dropbox/TDJ/MUSICA/Angel/Caló, Miguel\1949_Caló - Instr_La guitarrita.flac",False,False,0,False,False,False
Tú,Miguel Caló / Raúl Berón,1949-07-20,tango,Musica: José Dames - Letra: José María Contursi,"D:/Dropbox/TDJ/MUSICA/Angel/Caló, Miguel\1949_Caló - Raúl Berón_Tú.flac",False,False,0,False,False,False
La casa vacía,Miguel Caló / Roberto Rufino,1949-07-20,tango,Musica: Arturo Gallucci - Letra: Reinaldo Yiso,"D:/Dropbox/TDJ/MUSICA/Angel/Caló, Miguel\1949_Caló - Roberto Rufino_La casa vacía.flac",False,False,0,False,False,False
Mi flor de noche,Miguel Caló / Roberto Rufino,1949-12-29,tango,Musica: Silvio Marinucci y Vicente Demarco - Letra: Lito Bayardo,"D:/Dropbox/TDJ/MUSICA/Angel/Caló, Miguel\1949_Caló - Roberto Rufino_Mi flor de noche.flac",False,False,0,False,False,False
Charamusca,Miguel Caló,1950-06-06,tango,Musica: Francisco Canaro,"D:/Dropbox/TDJ/MUSICA/Angel/Caló, Miguel\1950_Caló - Instr_Charamusca.flac",False,False,0,False,False,False
Disco rayado,Miguel Caló,1950-10-27,tango,Musica: Miguel Caló y Miguel Nijensohn,"D:/Dropbox/TDJ/MUSICA/Angel/Caló, Miguel\1950_Caló - Instr_Disco rayado.flac",False,False,0,False,False,False
El pillete,Miguel Caló,1950-09-08,tango,Musica: Graciano De Leone,"D:/Dropbox/TDJ/MUSICA/Angel/Caló, Miguel\1950_Caló - Instr_El Pillete.mp3",False,False,0,False,False,False
La trampera,Miguel Caló,1950-12-18,tango milonga,Musica: Aníbal Troilo,"D:/Dropbox/TDJ/MUSICA/Angel/Caló, Miguel\1950_Caló - Instr_La trampera.flac",False,False,0,False,False,False
Precio,Miguel Caló / Juan Carlos Fabri,1950-10-27,tango,Musica: Manuel Sucher - Letra: Carlos Bahr,"D:/Dropbox/TDJ/MUSICA/Angel/Caló, Miguel\1950_Caló - Juan Carlos Fabri_Precio.flac",False,False,0,False,False,False
El divorcio,Miguel Caló / Raúl Berón,1950-06-06,tango milonga,Musica: Luis Adesso - Letra: Raúl Hormaza,"D:/Dropbox/TDJ/MUSICA/Angel/Caló, Miguel\1950_Caló - Raul Beron_El divorcio.flac",False,False,0,False,False,False
Mi moro,Miguel Caló / Raúl Berón,1950-03-16,tango,Musica: Carlos Gardel y José Razzano - Letra: Cátulo Castillo,"D:/Dropbox/TDJ/MUSICA/Angel/Caló, Miguel\1950_Caló - Raúl Berón_Mi moro.flac",False,False,0,False,False,False
Che bandoneón,Miguel Caló / Ricardo Blanco,1950-03-16,tango,Musica: Aníbal Troilo - Letra: Homero Manzi,"D:/Dropbox/TDJ/MUSICA/Angel/Caló, Miguel\1950_Caló - Ricardo Blanco_Che bandoneón.flac",False,False,0,False,False,False
Los mareados,Miguel Caló / Ricardo Blanco,1950-09-08,tango,Musica: Juan Carlos Cobian - Letra: Enrique Cadicamo,"D:/Dropbox/TDJ/MUSICA/Angel/Caló, Miguel\1950_Caló - Ricardo Blanco_Los mareados.flac",False,False,0,False,False,False
Murmullos (Murmuyos),Miguel Caló / Ricardo Blanco,1950-12-18,tango,Musica: Froilán Aguilar - Letra: Juan Carlos Patrón,"D:/Dropbox/TDJ/MUSICA/Angel/Caló, Miguel\1950_Caló - Ricardo Blanco_Murmullos.flac",False,False,0,False,False,False
No son siete... son catorce,MIguel Caló,27/11/1951,tango milonga,Armando Baliotti & Luis Díaz,"D:/Dropbox/TDJ/MUSICA/Angel/Caló, Miguel\1951_Caló - Carlos Barbé_No son siete... son catorce.flac",False,False,0,False,False,False
Portero suba y diga,Miguel Caló / Carlos Barbé,1951-05-23,tango,Musica: Eduardo de Labar (h) - Letra: Luis César Amadori,"D:/Dropbox/TDJ/MUSICA/Angel/Caló, Miguel\1951_Caló - Carlos Barbé_Portero suba y diga.flac",False,False,0,False,False,False
Primero yo,Miguel Caló / Carlos Barbé,1951-07-31,tango,Musica: Rafael Rossi - Letra: José Rial,"D:/Dropbox/TDJ/MUSICA/Angel/Caló, Miguel\1951_Caló - Carlos Barbé_Primero yo.flac",False,False,0,False,False,False
El chamuyo,Miguel Caló,1951-11-27,tango,Musica: Francisco Canaro,"D:/Dropbox/TDJ/MUSICA/Angel/Caló, Miguel\1951_Caló - Instr_El chamuyo.flac",False,False,0,False,False,False
La última cita,Miguel Caló,1951-11-27,tango,Musica: Agustín Bardi - Letra: Francisco García Jiménez,"D:/Dropbox/TDJ/MUSICA/Angel/Caló, Miguel\1951_Caló - Instr_La última cita.flac",False,False,0,False,False,False
Una fija,Miguel Caló,1951-07-31,tango,Musica: Ángel Villoldo - Letra: Antonio Polito,"D:/Dropbox/TDJ/MUSICA/Angel/Caló, Miguel\1951_Caló - Instr_Una fija.flac",False,False,0,False,False,False
Caminito,Miguel Caló / Juan Carlos Fabri,1951-11-27,tango,Musica: Juan de Dios Filiberto - Letra: Gabino Coria Peñaloza,"D:/Dropbox/TDJ/MUSICA/Angel/Caló, Miguel\1951_Caló - Juan Carlos Fabri_Caminito.flac",False,False,0,False,False,False
Pasional,Miguel Caló / Juan Carlos Fabri,1951-05-23,tango,Musica: Jorge Caldara - Letra: Mario Soto,"D:/Dropbox/TDJ/MUSICA/Angel/Caló, Miguel\1951_Caló - Juan Carlos Fabri_Pasional.flac",False,False,0,False,False,False
Cuando me entrés a fallar,Miguel Caló / Carlos Barbé,1952-03-10,tango,Musica: José María Aguilar - Letra: Celedonio Flores,"D:/Dropbox/TDJ/MUSICA/Angel/Caló, Miguel\1952_Caló - Carlos Barbe_Cuando me entres a fallar.mp3",False,False,0,False,False,False
Cuanto me entres a fallar,MIguel Caló,1952-10-03,tango,José María Aguilar & Celedonio Flores,"D:/Dropbox/TDJ/MUSICA/Angel/Caló, Miguel\1952_Caló - Carlos Barbé_Cuanto me entres a fallar.flac",False,False,0,False,False,False
Manos adoradas,Miguel Caló / Juan Carlos Fabri,1952-10-03,tango vals,Musica: Roberto Rufino - Letra: Horacio Sanguinetti,"D:/Dropbox/TDJ/MUSICA/Angel/Caló, Miguel\1952_Caló - Juan Carlos Fabri_Manos adoradas.flac",False,False,0,False,False,False
Déjame hablar,Miguel Caló / Carlos Barbé,1953-01-26,tango,Musica: Arturo Gallucci - Letra: Abel Aznar,"D:/Dropbox/TDJ/MUSICA/Angel/Caló, Miguel\1953_Caló - Carlos Barbe_Dejame hablar.mp3",False,False,0,False,False,False
Por una cabeza,Miguel Caló / Carlos Barbé,1953-04-08,tango,Musica: Carlos Gardel - Letra: Alfredo Le Pera,"D:/Dropbox/TDJ/MUSICA/Angel/Caló, Miguel\1953_Caló - Carlos Barbe_Por una cabeza.mp3",False,False,0,False,False,False
Soy feo pero vistoso,Miguel Caló / Carlos Barbé,1953-01-26,tango milonga,Musica: Miguel Caló - Letra: Juan José Correia,"D:/Dropbox/TDJ/MUSICA/Angel/Caló, Miguel\1953_Caló - Carlos Barbe_Soy feo pero vistoso.mp3",False,False,0,False,False,False
Vengo a verla,Miguel Caló / Carlos Barbé,1953-04-08,tango,Musica: ? - Letra: ?,"D:/Dropbox/TDJ/MUSICA/Angel/Caló, Miguel\1953_Caló - Carlos Barbe_Vengo a verla.mp3",False,False,0,False,False,False
Tomá esas monedas,MIguel Caló,07-09-1953,tango,"Juan D'Arienzo, Fulvio Salamanca & Carlos Bahr","D:/Dropbox/TDJ/MUSICA/Angel/Caló, Miguel\1953_Caló - Miguel Martino_Tomá esas monedas.flac",False,False,0,False,False,False
El abandono,Miguel Caló / Trío Palacio-Riverol-Cabral,1953-09-07,tango vals,Musica: ? - Letra: ?,"D:/Dropbox/TDJ/MUSICA/Angel/Caló, Miguel\1953_Caló - Palacio,Riverol y Cabral_El abandono.mp3",False,False,0,False,False,False
Cómo le digo a la vieja,Miguel Caló / Alberto Podestá,1954-06-15,tango,Musica: Miguel Caló - Letra: Reinaldo Yiso,"D:/Dropbox/TDJ/MUSICA/Angel/Caló, Miguel\1954_Caló - Alberto Podesta_Como le digo a la vieja.mp3",False,False,0,False,False,False
El bazar de los juguetes,Miguel Caló / Alberto Podestá,1954-05-05,tango,Musica: Roberto Rufino - Letra: Reinaldo Yiso,"D:/Dropbox/TDJ/MUSICA/Angel/Caló, Miguel\1954_Caló - Alberto Podesta_El bazar de los juguetes.m4a",False,False,0,False,False,False
La cantina,Miguel Caló / Alberto Podestá,1954-06-15,tango,Musica: Aníbal Troilo - Letra: Cátulo Castillo,"D:/Dropbox/TDJ/MUSICA/Angel/Caló, Miguel\1954_Caló - Alberto Podesta_La cantina.flac",False,False,0,False,False,False
Oración rante,Miguel Caló / Alberto Podestá,1954-03-05,tango,Musica: Roberto Chanel - Letra: Aldo Queirolo,"D:/Dropbox/TDJ/MUSICA/Angel/Caló, Miguel\1954_Caló - Alberto Podesta_Oracion Rante.mp3",False,False,0,False,False,False
Noche de locura,Miguel Caló / Alberto Podestá,1954-06-23,tango,Musica: Manuel Sucher - Letra: Carlos Bahr,"D:/Dropbox/TDJ/MUSICA/Angel/Caló, Miguel\1954_Caló - Alberto Podestá_Noche de locura.flac",False,False,0,False,False,False
Noche de locura,Miguel Caló / Alberto Podestá,1954-06-23,tango,Musica: Manuel Sucher - Letra: Carlos Bahr,"D:/Dropbox/TDJ/MUSICA/Angel/Caló, Miguel\1954_Caló - Alberto Podestá_Noche de locura.mp3",False,False,0,False,False,False
Sueña (Toi seul),Miguel Caló / Alberto Podestá,1954-10-13,tango vals,Musica: Emile Noblot - Letra: Oscar Rubens,"D:/Dropbox/TDJ/MUSICA/Angel/Caló, Miguel\1954_Caló - Alberto Podestá_Sueña.flac",False,False,0,False,False,False
Los cosos de al lao,Miguel Caló / Carlos Almagro,1954-10-13,tango,Musica: Marcos Larrosa y José Canet - Letra: Marcos Larrosa y José Canet,"D:/Dropbox/TDJ/MUSICA/Angel/Caló, Miguel\1954_Caló - Carlos Almagro_Los cosos del al lao.mp3",False,False,0,False,False,False
En fa menor,Miguel Caló,1954-03-05,tango,Musica: Roberto Caló y Osvaldo Tarantino,"D:/Dropbox/TDJ/MUSICA/Angel/Caló, Miguel\1954_Caló - Instr_En fa menor.flac",False,False,0,False,False,False
Boca Juniors,Miguel Caló / Roberto Arrieta,1954-06-23,tango,Musica: Rodolfo Sciammarella - Letra: Rodolfo Sciammarella,"D:/Dropbox/TDJ/MUSICA/Angel/Caló, Miguel\1954_Caló - Roberto Arrieta_Boca Juniors.mp3",False,False,0,False,False,False
La barquilla,Miguel Caló / Carlos Almagro y Trio Los Halcones,1955-05-04,tango vals,Musica: ? - Letra: ?,"D:/Dropbox/TDJ/MUSICA/Angel/Caló, Miguel\1955_Caló - Carlos Almagro y Trio los Halcones_La barquilla.mp3",False,False,0,False,False,False
Bien Jaileife,MIguel Caló,1955,tango,Musica: Vicente Demarco - Letra: Silvio Marinucci,"D:/Dropbox/TDJ/MUSICA/Angel/Caló, Miguel\1955_Caló - Carlos Almagro_Bien Jaileife.mp3",False,False,0,False,False,False
Por unos ojos negros,Miguel Caló / Carlos Almagro,1955-05-04,tango,Musica: José Dames - Letra: Horacio Sanguinetti,"D:/Dropbox/TDJ/MUSICA/Angel/Caló, Miguel\1955_Caló - Carlos Almagro_Por unos ojos negros.flac",False,False,0,False,False,False
Sensibilero,MIguel Caló,1955,tango,Julián Plaza,"D:/Dropbox/TDJ/MUSICA/Angel/Caló, Miguel\1955_Caló - Instr_Sensibilero.flac",False,False,0,False,False,False
La perinola,Miguel Caló / Alfredo Dalton y Roberto Mancini,1956-12-21,tango vals,Musica: ? - Letra: ?,"D:/Dropbox/TDJ/MUSICA/Angel/Caló, Miguel\1956_Caló - Alfredo Dalton y Roberto Mancini_La perinola.mp3",False,False,0,False,False,False
Café para dos,Miguel Caló / Alfredo Dalton,1956-10-19,tango,Musica: Francisco Canaro - Letra: Francisco Canaro,"D:/Dropbox/TDJ/MUSICA/Angel/Caló, Miguel\1956_Caló - Alfredo Dalton_Cafe para dos.mp3",False,False,0,False,False,False
Lo que vos te merecés,Miguel Caló / Alfredo Dalton,1956-07-23,tango,Musica: Carlos Olmedo - Letra: Abel Aznar,"D:/Dropbox/TDJ/MUSICA/Angel/Caló, Miguel\1956_Caló - Alfredo Dalton_Lo que vos te merecés.flac",False,False,0,False,False,False
Mi promesa,Miguel Caló / Alfredo Dalton,1956-10-19,tango,Musica: Alfredo De Angelis - Letra: José Rótulo,"D:/Dropbox/TDJ/MUSICA/Angel/Caló, Miguel\1956_Caló - Alfredo Dalton_Mi promesa.mp3",False,False,0,False,False,False
Desorientado,Miguel Caló / Carlos Roldán,1956-04-06,tango,Musica: Miguel Caló - Letra: Marvil,"D:/Dropbox/TDJ/MUSICA/Angel/Caló, Miguel\1956_Caló - Carlos Roldán_Desorientado.flac",False,False,0,False,False,False
Gloria,Miguel Caló / Chola Luna,1956-07-23,tango,Musica: Humberto Canaro - Letra: Armando Tagini,"D:/Dropbox/TDJ/MUSICA/Angel/Caló, Miguel\1956_Caló - Chola Luna_Gloria.flac",False,False,0,False,False,False
Madre,Miguel Caló / Chola Luna,1956-06-04,tango,Musica: Francisco Pracánico - Letra: Verminio Servetto,"D:/Dropbox/TDJ/MUSICA/Angel/Caló, Miguel\1956_Caló - Chola Luna_Madre.flac",False,False,0,False,False,False
Quedémonos aquí,Miguel Caló / Roberto Mancini,1956-12-21,tango,Musica: Héctor Stamponi - Letra: Homero Expósito,"D:/Dropbox/TDJ/MUSICA/Angel/Caló, Miguel\1956_Caló - Roberto Mancini_Quedémonos aquí.flac",False,False,0,False,False,False
Milonga milonguera,Miguel Caló,1957-07-11,tango milonga,Musica: Miguel Caló y Orlando Trípodi,"D:/Dropbox/TDJ/MUSICA/Angel/Caló, Miguel\1957_Caló - Instr_Milonga milonguera.flac",False,False,0,False,False,False
Mientras viva,Miguel Caló / Raúl Garcés,1957-06-18,tango,Musica: Lucio Demare - Letra: Eugenio Majul,"D:/Dropbox/TDJ/MUSICA/Angel/Caló, Miguel\1957_Caló - Raul Garces_Mientras viva.mp3",False,False,0,False,False,False
Cuanta angustia,Miguel Caló / Roberto Arrieta,1957-06-18,tango,Musica: Julián Plaza - Letra: Manuel Barros,"D:/Dropbox/TDJ/MUSICA/Angel/Caló, Miguel\1957_Caló - Roberto Arrieta_Cuanta angustia.mp3",False,False,0,False,False,False
Por qué seguir,Miguel Caló / Roberto Mancini,1957-07-11,tango,Musica: ? - Letra: ?,"D:/Dropbox/TDJ/MUSICA/Angel/Caló, Miguel\1957_Caló - Roberto Mancini_Por que seguir.mp3",False,False,0,False,False,False
Por quererla así,Miguel Caló / Hugo San Luis,1958-04-15,tango,Musica: Carlos Olmedo - Letra: Marcelino Hernández,"D:/Dropbox/TDJ/MUSICA/Angel/Caló, Miguel\1958_Caló - Hugo San Luis_Por quererla asi.mp3",False,False,0,False,False,False
Cuando rondan los recuerdos,Miguel Caló / Raúl Ledesma,1958-09-17,tango,Musica: Tito Ferrari y Norberto Guerra - Letra: Alberto Coria,"D:/Dropbox/TDJ/MUSICA/Angel/Caló, Miguel\1958_Caló - Raul Ledesma_Cuando rondan los recuerdos.mp3",False,False,0,False,False,False
Encadenados,Miguel Caló / Raúl Ledesma,1958-04-15,tango,Musica: Carlos Arturo Briz - Letra: Carlos Arturo Briz,"D:/Dropbox/TDJ/MUSICA/Angel/Caló, Miguel\1958_Caló - Raul Ledesma_Encadenados.mp3",False,False,0,False,False,False
Frenético,Miguel Caló / Raúl Ledesma,1958-07-11,tango,Musica: ? - Letra: ?,"D:/Dropbox/TDJ/MUSICA/Angel/Caló, Miguel\1958_Caló - Raul Ledesma_Frenetico.mp3",False,False,0,False,False,False
Madre de los cabellos de plata,Miguel Caló / Raúl Ledesma,1958-09-17,tango,Musica: Alejo Montoro - Letra: Juan Solano Pedrero,"D:/Dropbox/TDJ/MUSICA/Angel/Caló, Miguel\1958_Caló - Raul Ledesma_Madre de los cabellos de plata.mp3",False,False,0,False,False,False
Un tango para la historia,Miguel Caló / Raúl Ledesma,1958-07-11,tango,Musica: Cristóbal Herreros - Letra: Cristóbal Herreros,"D:/Dropbox/TDJ/MUSICA/Angel/Caló, Miguel\1958_Caló - Raúl Ledesma_Un tango para la historia.flac",False,False,0,False,False,False
Acuarela de Brasil,Miguel Caló,1959,tango,Musica: ? - Letra: ?,"D:/Dropbox/TDJ/MUSICA/Angel/Caló, Miguel\1959_Caló - Instr_Acuarela de Brasil.mp3",False,False,0,False,False,False
Concepción,Miguel Caló,1959,tango,Musica: ? - Letra: ?,"D:/Dropbox/TDJ/MUSICA/Angel/Caló, Miguel\1959_Caló - Instr_Concepcion.mp3",False,False,0,False,False,False
Hechizo de la villa,Miguel Caló,1959,tango,Musica: ? - Letra: ?,"D:/Dropbox/TDJ/MUSICA/Angel/Caló, Miguel\1959_Caló - Instr_Hechizo de la villa.mp3",False,False,0,False,False,False
Hoja muerta,Miguel Caló,1959,tango,Musica: ? - Letra: ?,"D:/Dropbox/TDJ/MUSICA/Angel/Caló, Miguel\1959_Caló - Instr_Hoja muerta.mp3",False,False,0,False,False,False
La voz del morro,Miguel Caló,1959,tango,Musica: ? - Letra: ?,"D:/Dropbox/TDJ/MUSICA/Angel/Caló, Miguel\1959_Caló - Instr_La voz del morro.mp3",False,False,0,False,False,False
Laura,Miguel Caló,1959,tango,Musica: David Raksin y Johnny Mercer,"D:/Dropbox/TDJ/MUSICA/Angel/Caló, Miguel\1959_Caló - Instr_Laura.mp3",False,False,0,False,False,False
Llueve afuera,Miguel Caló,1959,tango,Musica: ? - Letra: ?,"D:/Dropbox/TDJ/MUSICA/Angel/Caló, Miguel\1959_Caló - Instr_LLueve afuera.mp3",False,False,0,False,False,False
Marina,Miguel Caló,1959,tango,Musica: Dorival Caymmi,"D:/Dropbox/TDJ/MUSICA/Angel/Caló, Miguel\1959_Caló - Instr_Marina.mp3",False,False,0,False,False,False
Recuerdo de Bahía,Miguel Caló,1959,tango,Musica: Dorival Caymmi,"D:/Dropbox/TDJ/MUSICA/Angel/Caló, Miguel\1959_Caló - Instr_Recuerdo de Bahia.mp3",False,False,0,False,False,False
Risque(Olvidame),MIguel Caló,1959,tango,Musica: Ary Barroso - Letra: Horacio Sanguinetti,"D:/Dropbox/TDJ/MUSICA/Angel/Caló, Miguel\1959_Caló - Instr_Risque(Olvidame).mp3",False,False,0,False,False,False
Serenata,Miguel Caló,1959,tango,Musica: Juan Polito - Letra: Luis Rubistein,"D:/Dropbox/TDJ/MUSICA/Angel/Caló, Miguel\1959_Caló - Instr_Serenata.mp3",False,False,0,False,False,False
Yo se,Miguel Caló,1959,tango,Musica: ? - Letra: ?,"D:/Dropbox/TDJ/MUSICA/Angel/Caló, Miguel\1959_Caló - Instr_Yo se.mp3",False,False,0,False,False,False
Nocturna,Miguel Caló,1961-09-15,tango milonga,Musica: Julián Plaza,"D:/Dropbox/TDJ/MUSICA/Angel/Caló, Miguel\1961_Caló - Instr_Nocturna.mp3",False,False,0,False,False,False
Volvió una noche,Miguel Caló,1961-09-15,tango,Musica: Carlos Gardel - Letra: Alfredo Le Pera,"D:/Dropbox/TDJ/MUSICA/Angel/Caló, Miguel\1961_Caló - Instr_Volvio una noche.mp3",False,False,0,False,False,False
Quiero huir de mí,Miguel Caló / Roberto luque y Trio Los Cóndores,1961-10-10,tango vals,Musica: Manuel Sucher - Letra: Roberto Cantoral,"D:/Dropbox/TDJ/MUSICA/Angel/Caló, Miguel\1961_Caló - Roberto Luque y Trio los Condores_Quiero huir de mi.mp3",False,False,0,False,False,False
Unica,Miguel Caló / Roberto Luque,1961-10-10,tango,Musica: Roberto Pérez Prechi - Letra: Eugenio Majul,"D:/Dropbox/TDJ/MUSICA/Angel/Caló, Miguel\1961_Caló - Roberto Luque_Unica.mp3",False,False,0,False,False,False
Amo a Paris,Miguel Caló,1962-08-21,tango,Musica: ? - Letra: ?,"D:/Dropbox/TDJ/MUSICA/Angel/Caló, Miguel\1962_Caló - Instr_Amo a Paris.mp3",False,False,0,False,False,False
Oracion de labriego,MIguel Caló,1962,tango vals,Musica: Felipe Pinglo,"D:/Dropbox/TDJ/MUSICA/Angel/Caló, Miguel\1962_Caló - Instr_Oracion de labriego.mp3",False,False,0,False,False,False
Rosa te,Miguel Caló / Juan Carlos Jordán,1962-12,tango vals,Musica: ? - Letra: ?,"D:/Dropbox/TDJ/MUSICA/Angel/Caló, Miguel\1962_Caló - Juan Carlos Jordan_Rosa té.mp3",False,False,0,False,False,False
Cambalache,Miguel Caló / Roberto Luque,1962-09,tango,Musica: Enrique Santos Discepolo - Letra: Enrique Santos Discepolo,"D:/Dropbox/TDJ/MUSICA/Angel/Caló, Miguel\1962_Caló - Roberto Luque_Cambalache.mp3",False,False,0,False,False,False
Luna de tartagal,Miguel Caló / Roberto Luque,1962-08-21,tango milonga,Musica: ? - Letra: ?,"D:/Dropbox/TDJ/MUSICA/Angel/Caló, Miguel\1962_Caló - Roberto Luque_Luna de Tartagal.mp3",False,False,0,False,False,False
Reminiscencias,Miguel Caló / Roberto Luque,1962-09,tango vals,Musica: ? - Letra: ?,"D:/Dropbox/TDJ/MUSICA/Angel/Caló, Miguel\1962_Caló - Roberto Luque_Reminiscencias.mp3",False,False,0,False,False,False
Vanidad,Miguel Caló / Roberto Luque,1962-09,tango,Musica: ? - Letra: ?,"D:/Dropbox/TDJ/MUSICA/Angel/Caló, Miguel\1962_Caló - Roberto Luque_Vanidad.mp3",False,False,0,False,False,False
Yo pequé,Miguel Caló / Roberto Luque,1962-08-21,tango,Musica: ? - Letra: ?,"D:/Dropbox/TDJ/MUSICA/Angel/Caló, Miguel\1962_Caló - Roberto Luque_Yo peque.mp3",False,False,0,False,False,False
Bebiendo contigo,Miguel Caló / Alberto Podestá,1963-04-23,tango,Musica: Enrique Francini - Letra: Carlos Bahr,"D:/Dropbox/TDJ/MUSICA/Angel/Caló, Miguel\1963_Caló - Alberto Podesta_Bebiendo contigo.mp3",False,False,0,False,False,False
Carta para Renée,Miguel Caló / Alberto Podestá,1963-05-17,tango,Musica: Manuel Sucher - Letra: Marvil,"D:/Dropbox/TDJ/MUSICA/Angel/Caló, Miguel\1963_Caló - Alberto Podesta_Carta para Rene.mp3",False,False,0,False,False,False
El mismo final,Miguel Caló / Alberto Podestá,1963-04-16,tango,Musica: Armando Pontier - Letra: Federico Silva,"D:/Dropbox/TDJ/MUSICA/Angel/Caló, Miguel\1963_Caló - Alberto Podesta_El mismo final.mp3",False,False,0,False,False,False
A las estrellas,Miguel Caló,1963-06-07,tango,Musica: Armando Baliotti,"D:/Dropbox/TDJ/MUSICA/Angel/Caló, Miguel\1963_Caló - Instr_A las estrellas.flac",False,False,0,False,False,False
Brazo de oro,Miguel Caló,1963-04-19,tango,Musica: José Basso,"D:/Dropbox/TDJ/MUSICA/Angel/Caló, Miguel\1963_Caló - Instr_Brazo de oro.flac",False,False,0,False,False,False
Para el recuerdo (A Fiore),Miguel Caló,1963-05-24,tango,Musica: Manuel Sucher,"D:/Dropbox/TDJ/MUSICA/Angel/Caló, Miguel\1963_Caló - Instr_Para el recuerdo (A Fiore).flac",False,False,0,False,False,False
Soy melodioso (Para Osmar Maderna),Miguel Caló,1963-05-24,tango,Musica: Orlando Trípodi y Miguel Caló,"D:/Dropbox/TDJ/MUSICA/Angel/Caló, Miguel\1963_Caló - Instr_Para Osmar Maderna.flac",False,False,0,False,False,False
A mucha honra,Miguel Caló / Luis Correa,1963-12-04,tango,Musica: ? - Letra: ?,"D:/Dropbox/TDJ/MUSICA/Angel/Caló, Miguel\1963_Caló - Luis Correa_A mucha honra.mp3",False,False,0,False,False,False
Madre hay una sola,Miguel Caló / Raúl Berón,1963-05-07,tango,Musica: Agustín Bardi - Letra: José de la Vega,"D:/Dropbox/TDJ/MUSICA/Angel/Caló, Miguel\1963_Caló - Raul Beron_Madre hay una sola.mp3",False,False,0,False,False,False
Pa´lo que te va a durar,MIguel Caló,1963,tango,Musica: Guillermo Barbieri - Letra: Celedonio Flores,"D:/Dropbox/TDJ/MUSICA/Angel/Caló, Miguel\1963_Caló - Raul Beron_Pa´lo que te va a durar.mp3",False,False,0,False,False,False
Soy milonguero,Miguel Caló / Raúl Berón,1963-04-23,tango,Musica: Miguel Caló - Letra: Mario César Gomila,"D:/Dropbox/TDJ/MUSICA/Angel/Caló, Miguel\1963_Caló - Raul Beron_Soy milonguero.mp3",False,False,0,False,False,False
Aconsejando,Miguel Caló / Roberto Luque,1963-11-19,tango,Musica: ? - Letra: ?,"D:/Dropbox/TDJ/MUSICA/Angel/Caló, Miguel\1963_Caló - Roberto Luque_Aconsejando.mp3",False,False,0,False,False,False
Tengo,Miguel Caló / Roberto Luque,1963-11-19,tango,Musica: Roberto Pérez Prechi - Letra: Eugenio Majul,"D:/Dropbox/TDJ/MUSICA/Angel/Caló, Miguel\1963_Caló - Roberto Luque_Tengo.mp3",False,False,0,False,False,False
A media luz,Miguel Caló,1964-04-24,tango,Musica: Edgardo Donato - Letra: Carlos Lenzi,"D:/Dropbox/TDJ/MUSICA/Angel/Caló, Miguel\1964_Caló - Instr_A media luz.flac",False,False,0,False,False,False
El choclo,Miguel Caló,1964-04-07,tango,Musica: Angel Villoldo - Letra: Angel Villoldo,"D:/Dropbox/TDJ/MUSICA/Angel/Caló, Miguel\1964_Caló - Instr_El choclo.flac",False,False,0,False,False,False
La cumparsita,Miguel Caló,1964-04-24,tango,Musica: Gerardo Matos Rodriguez - Letra: Gerardo Matos Rodriguez,"D:/Dropbox/TDJ/MUSICA/Angel/Caló, Miguel\1964_Caló - Instr_La cumparsita.flac",False,False,0,False,False,False
Luna del viejo castillo,Miguel Caló,1964-04-14,tango,Musica: Rentaro Taki,"D:/Dropbox/TDJ/MUSICA/Angel/Caló, Miguel\1964_Caló - Instr_Luna del viejo castillo.flac",False,False,0,False,False,False
Nadine,Miguel Caló,1964-04-07,tango,Musica: Orlando Trípodi y Miguel Caló,"D:/Dropbox/TDJ/MUSICA/Angel/Caló, Miguel\1964_Caló - Instr_Nadine.flac",False,False,0,False,False,False
Sans souci,Miguel Caló,1964-04-14,tango,Musica: Enrique Delfino,"D:/Dropbox/TDJ/MUSICA/Angel/Caló, Miguel\1964_Caló - Instr_Sans Souci.flac",False,False,0,False,False,False
Dos fracasos,MIguel Caló,1964,tango,Miguel Caló & Homero Expósito,"D:/Dropbox/TDJ/MUSICA/Angel/Caló, Miguel\1964_Caló - Luis Correa_Dos fracasos.flac",False,False,0,False,False,False
Adiós pampa mía,Miguel Caló / Ranko Fujisawa,1964-03-13,tango,Musica: Francisco Canaro y Mariano Mores - Letra: Ivo Pelay,"D:/Dropbox/TDJ/MUSICA/Angel/Caló, Miguel\1964_Caló - Ranko Fujisawa_Adios pampa mia.mp3",False,False,0,False,False,False
Caminito,Miguel Caló / Ranko Fujisawa,1964-03-13,tango,Musica: Juan de Dios Filiberto - Letra: Gabino Coria Peñaloza,"D:/Dropbox/TDJ/MUSICA/Angel/Caló, Miguel\1964_Caló - Ranko Fujisawa_Caminito.mp3",False,False,0,False,False,False
Mama yo quiero un novio,Miguel Caló / Ranko Fujisawa,1964-03-13,tango,Musica: Ramón Collazo - Letra: Roberto Fontaina,"D:/Dropbox/TDJ/MUSICA/Angel/Caló, Miguel\1964_Caló - Ranko Fujisawa_Mama yo quiero un novio.mp3",False,False,0,False,False,False
Noche de plataforma,Miguel Caló / Ranko Fujisawa,1964-03-13,tango,Musica: ? - Letra: ?,"D:/Dropbox/TDJ/MUSICA/Angel/Caló, Miguel\1964_Caló - Ranko Fujisawa_Noche de Plataforma.mp3",False,False,0,False,False,False
Que falta que me hacés,Miguel Caló / Ranko Fujisawa,1964-03-13,tango,Musica: Armando Pontier y Miguel Caló - Letra: Federico Silva,"D:/Dropbox/TDJ/MUSICA/Angel/Caló, Miguel\1964_Caló - Ranko Fujisawa_Que falta que me haces.mp3",False,False,0,False,False,False
Yira yira,Miguel Caló / Ranko Fujisawa,1964,tango,Musica: Enrique Santos Discepolo - Letra: Enrique Santos Discepolo,"D:/Dropbox/TDJ/MUSICA/Angel/Caló, Miguel\1964_Caló - Ranko Fujisawa_Yira yira.mp3",False,False,0,False,False,False
Uno,MIguel Caló,1965,tango,,"D:/Dropbox/TDJ/MUSICA/Angel/Caló, Miguel\1965_Caló - Alberto Podesta_Uno.mp3",False,False,0,False,False,False
Uno,MIguel Caló,1965,tango,Musica: Mariano Mores - Letra: Enrique Santos Discepolo,"D:/Dropbox/TDJ/MUSICA/Angel/Caló, Miguel\1965_Caló - Instr_Uno.mp3",False,False,0,False,False,False
A media luz,MIguel Caló,1965,tango,Musica: Edgardo Donato - Letra: Carlos Lenzi,"D:/Dropbox/TDJ/MUSICA/Angel/Caló, Miguel\1965_Caló - Lucho Gatica_A media luz.mp3",False,False,0,False,False,False
Adiós pampa mía,Miguel Caló / Lucho Gatica,1965,tango,Musica: Francisco Canaro y Mariano Mores - Letra: Ivo Pelay,"D:/Dropbox/TDJ/MUSICA/Angel/Caló, Miguel\1965_Caló - Lucho Gatica_Adios Pampa mia.mp3",False,False,0,False,False,False
Al compas del corazon,MIguel Caló,1965,tango,Musica: Domingo Federico - Letra: Homero Expósito,"D:/Dropbox/TDJ/MUSICA/Angel/Caló, Miguel\1965_Caló - Lucho Gatica_Al compas del corazon.mp3",False,False,0,False,False,False
Alma de bohemio,Miguel Caló / Lucho Gatica,1965,tango,Musica: Roberto Firpo - Letra: Juan Andrés Caruso,"D:/Dropbox/TDJ/MUSICA/Angel/Caló, Miguel\1965_Caló - Lucho Gatica_Alma de bohemio.mp3",False,False,0,False,False,False
Cada dia te extraño mas,Miguel Caló / Lucho Gatica,1965,tango,Musica: Armando Pontier - Letra: Carlos Bahr,"D:/Dropbox/TDJ/MUSICA/Angel/Caló, Miguel\1965_Caló - Lucho Gatica_Cada dia te extraño mas.mp3",False,False,0,False,False,False
Caminito,Miguel Caló / Lucho Gatica,1965,tango,Musica: Juan de Dios Filiberto - Letra: Gabino Coria Peñaloza,"D:/Dropbox/TDJ/MUSICA/Angel/Caló, Miguel\1965_Caló - Lucho Gatica_Caminito.mp3",False,False,0,False,False,False
La copa del olvido,Miguel Caló / Lucho Gatica,1965,tango,Musica: Enrique Delfino - Letra: Alberto Vacarezza,"D:/Dropbox/TDJ/MUSICA/Angel/Caló, Miguel\1965_Caló - Lucho Gatica_La copa del olvido.mp3",False,False,0,False,False,False
Mano a mano,MIguel Caló,1965,tango,Musica: Carlos Gardel - Letra: Celedonio Flores,"D:/Dropbox/TDJ/MUSICA/Angel/Caló, Miguel\1965_Caló - Lucho Gatica_Mano a mano.mp3",False,False,0,False,False,False
Mañana iré temprano,Miguel Caló / Lucho Gatica,1965,tango,Musica: Enrique Francini - Letra: Carlos Bahr,"D:/Dropbox/TDJ/MUSICA/Angel/Caló, Miguel\1965_Caló - Lucho Gatica_Mañana ire temprano.mp3",False,False,0,False,False,False
Percal,MIguel Caló,1965,tango,Musica: Domingo Federico - Letra: Homero Expósito,"D:/Dropbox/TDJ/MUSICA/Angel/Caló, Miguel\1965_Caló - Lucho Gatica_Percal.mp3",False,False,0,False,False,False
Sin palabras,Miguel Caló / Lucho Gatica,1965,tango,Musica: Mariano Mores - Letra: Enrique Santos Discepolo,"D:/Dropbox/TDJ/MUSICA/Angel/Caló, Miguel\1965_Caló - Lucho Gatica_Sin palabras.mp3",False,False,0,False,False,False
Uno,MIguel Caló,1965,tango,Musica: Mariano Mores - Letra: Enrique Santos Discepolo,"D:/Dropbox/TDJ/MUSICA/Angel/Caló, Miguel\1965_Caló - Lucho Gatica_Uno.mp3",False,False,0,False,False,False
Ahora no me conocés,Miguel Caló / Marga Fontana,1965,tango,Musica: Armando Baliotti - Letra: Carlos Giampetruzzi,"D:/Dropbox/TDJ/MUSICA/Angel/Caló, Miguel\1965_Caló - Marga Fontana_Ahora no me conoces.mp3",False,False,0,False,False,False
Confesión,Miguel Caló / Marga Fontana,1965,tango,Musica: Enrique Santos Discepolo - Letra: Enrique Santos Discepolo y Luis César Amadori,"D:/Dropbox/TDJ/MUSICA/Angel/Caló, Miguel\1965_Caló - Marga Fontana_Confesion.mp3",False,False,0,False,False,False
En esta tarde gris,Miguel Caló / Marga Fontana,1965,tango,Musica: Mariano Mores - Letra: José María Contursi,"D:/Dropbox/TDJ/MUSICA/Angel/Caló, Miguel\1965_Caló - Marga Fontana_En esta tarde gris.mp3",False,False,0,False,False,False
Mi Buenos Aires querido,Miguel Caló / Marga Fontana,1965,tango,Musica: Carlos Gardel - Letra: Alfredo Le Pera,"D:/Dropbox/TDJ/MUSICA/Angel/Caló, Miguel\1965_Caló - Marga Fontana_Mi Buenos Aires Querido.mp3",False,False,0,False,False,False
Volver,Miguel Caló / Marga Fontana,1965,tango,Musica: Carlos Gardel - Letra: Alfredo Le Pera,"D:/Dropbox/TDJ/MUSICA/Angel/Caló, Miguel\1965_Caló - Marga Fontana_Volver.mp3",False,False,0,False,False,False
Gricel,Miguel Caló / Marga Fontana,1965,tango,Musica: Mariano Mores - Letra: José María Contursi,"D:/Dropbox/TDJ/MUSICA/Angel/Caló, Miguel\1965_Caló - Marga Fontan_Gricel.mp3",False,False,0,False,False,False
A media luz,MIguel Caló,1965,tango,Musica: Edgardo Donato - Letra: Carlos Lenzi,"D:/Dropbox/TDJ/MUSICA/Angel/Caló, Miguel\1965_Caló - Raul del Mar(Recitado Héctor Gagliardi)_A media luz.mp3",False,False,0,False,False,False
Al compas del corazon,MIguel Caló,1965,tango,Musica: Domingo Federico - Letra: Homero Expósito,"D:/Dropbox/TDJ/MUSICA/Angel/Caló, Miguel\1965_Caló - Raul del Mar(Recitado Héctor Gagliardi)_Al compas del corazon.mp3",False,False,0,False,False,False
Dónde estás corazón,Miguel Caló / Raúl Del Mar y Héctor Gagliardi,1965,tango,Musica: Luis Martínez Serrano y Augusto Berto - Letra: Luis Martínez Serrano,"D:/Dropbox/TDJ/MUSICA/Angel/Caló, Miguel\1965_Caló - Raul del Mar(Recitado Héctor Gagliardi)_Donde estas corazon.mp3",False,False,0,False,False,False
La última copa,Miguel Caló / Raúl Del Mar y Héctor Gagliardi,1965,tango,Musica: Francisco Canaro - Letra: Juan Andrés Caruso,"D:/Dropbox/TDJ/MUSICA/Angel/Caló, Miguel\1965_Caló - Raul del Mar(Recitado Héctor Gagliardi)_La ultima copa.mp3",False,False,0,False,False,False
Lo han visto con otra,Miguel Caló / Raúl Del Mar y Héctor Gagliardi,1965,tango,Musica: Horacio Pettorossi - Letra: Horacio Pettorossi,"D:/Dropbox/TDJ/MUSICA/Angel/Caló, Miguel\1965_Caló - Raul del Mar(Recitado Héctor Gagliardi)_Lo han visto con otra.mp3",False,False,0,False,False,False
Malena,MIguel Caló,1965,tango,Musica: Lucio Demare - Letra: Homero Manzi,"D:/Dropbox/TDJ/MUSICA/Angel/Caló, Miguel\1965_Caló - Raul del Mar(Recitado Héctor Gagliardi)_Malena.mp3",False,False,0,False,False,False
Mano a mano,MIguel Caló,1965,tango,Musica: Carlos Gardel - Letra: Celedonio Flores,"D:/Dropbox/TDJ/MUSICA/Angel/Caló, Miguel\1965_Caló - Raul del Mar(Recitado Héctor Gagliardi)_Mano a mano.mp3",False,False,0,False,False,False
Melodía de arrabal,Miguel Caló / Raúl Del Mar y Héctor Gagliardi,1965,tango,Musica: Carlos Gardel - Letra: Alfredo Le Pera y Mario Battistella,"D:/Dropbox/TDJ/MUSICA/Angel/Caló, Miguel\1965_Caló - Raul del Mar(Recitado Héctor Gagliardi)_Melodia de arrabal.mp3",False,False,0,False,False,False
Nada,Miguel Caló / Raúl Del Mar y Héctor Gagliardi,1965,tango,Musica: José Dames - Letra: Horacio Sanguinetti,"D:/Dropbox/TDJ/MUSICA/Angel/Caló, Miguel\1965_Caló - Raul del Mar(Recitado Héctor Gagliardi)_Nada.mp3",False,False,0,False,False,False
Percal,MIguel Caló,1965,tango,Musica: Domingo Federico - Letra: Homero Expósito,"D:/Dropbox/TDJ/MUSICA/Angel/Caló, Miguel\1965_Caló - Raul del Mar-Raul del Mar(Recitado Héctor Gagliardi)_Percal.mp3",False,False,0,False,False,False
Ante del adios,MIguel Caló,1965,tango,Musica: Roberto Nievas Blanco - Letra: Eugenio Majul,"D:/Dropbox/TDJ/MUSICA/Angel/Caló, Miguel\1965_Caló - Roberto Luque_Ante del adios.mp3",False,False,0,False,False,False
Malena,MIguel Caló,1965,tango,Musica: Lucio Demare - Letra: Homero Manzi,"D:/Dropbox/TDJ/MUSICA/Angel/Caló, Miguel\1965_Caló - Roberto Luque_Malena.mp3",False,False,0,False,False,False
Que falta que me hacés,Miguel Caló / Roberto Luque,1965,tango,Musica: Armando Pontier y Miguel Caló - Letra: Federico Silva,"D:/Dropbox/TDJ/MUSICA/Angel/Caló, Miguel\1965_Caló - Roberto Luque_Que falta que me haces.mp3",False,False,0,False,False,False
Soñar y nada mas,Miguel Caló / Roberto Luque,1965,tango vals,Musica: Francisco Canaro - Letra: Ivo Pelay,"D:/Dropbox/TDJ/MUSICA/Angel/Caló, Miguel\1965_Caló - Roberto Luque_Soñar y nada mas.mp3",False,False,0,False,False,False
Vuelves hoy,Miguel Caló / Roberto Luque,1965,tango,Musica: ? - Letra: ?,"D:/Dropbox/TDJ/MUSICA/Angel/Caló, Miguel\1965_Caló - Roberto Luque_Vuelves hoy.mp3",False,False,0,False,False,False
Elegante papirusa,Miguel Caló,1966-09-05,tango,Musica: Tito Roccatagliata,"D:/Dropbox/TDJ/MUSICA/Angel/Caló, Miguel\1966_Caló - Instr_Elegante papirusa.flac",False,False,0,False,False,False
No fue ninguno de los dos,Miguel Caló / Miguel Montero,1966-06-02,tango,Musica: Roberto Vallejos - Letra: Leopoldo Díaz Vélez,"D:/Dropbox/TDJ/MUSICA/Angel/Caló, Miguel\1966_Caló - Miguel Montero_No fue ninguno de los dos.mp3",False,False,0,False,False,False
Solitaria,Miguel Caló / Miguel Montero,1966-06-02,tango vals,Musica: ? - Letra: ?,"D:/Dropbox/TDJ/MUSICA/Angel/Caló, Miguel\1966_Caló - Miguel Montero_Solitaria.mp3",False,False,0,False,False,False
Canción de rango (Pa' que se callen),Miguel Caló / Roberto Rufino,1966-10-03,tango,Musica: Raúl Kaplún - Letra: José María Suñé,"D:/Dropbox/TDJ/MUSICA/Angel/Caló, Miguel\1966_Caló - Roberto Rufino_Canción de rango.flac",False,False,0,False,False,False
Duelo criollo,Miguel Caló / Roberto Rufino,1966-10-03,tango,Musica: Juan Rezzano - Letra: Lito Bayardo,"D:/Dropbox/TDJ/MUSICA/Angel/Caló, Miguel\1966_Caló - Roberto Rufino_Duelo criollo.mp3",False,False,0,False,False,False
El mundo de los dos,Miguel Caló / Roberto Rufino,1966-11-17,tango,Musica: ? - Letra: ?,"D:/Dropbox/TDJ/MUSICA/Angel/Caló, Miguel\1966_Caló - Roberto Rufino_El mundo de los dos.mp3",False,False,0,False,False,False
Fatalmente nada,Miguel Caló / Roberto Rufino,1966-09-27,tango,Musica: ? - Letra: ?,"D:/Dropbox/TDJ/MUSICA/Angel/Caló, Miguel\1966_Caló - Roberto Rufino_Fatalmente nada.mp3",False,False,0,False,False,False
Nido gaucho,Miguel Caló / Roberto Rufino,1966-09-20,tango,Musica: Carlos Di Sarli - Letra: Héctor Marcó,"D:/Dropbox/TDJ/MUSICA/Angel/Caló, Miguel\1966_Caló - Roberto Rufino_Nido gaucho.flac",False,False,0,False,False,False
Para siempre,Miguel Caló / Roberto Rufino,1966-10-27,tango,Musica: Armando Pontier - Letra: Federico Silva,"D:/Dropbox/TDJ/MUSICA/Angel/Caló, Miguel\1966_Caló - Roberto Rufino_Para siempre.mp3",False,False,0,False,False,False
Racconto,Miguel Caló / Roberto Rufino,1966-11-17,tango,Musica: Carlos García - Letra: Margarita Durán,"D:/Dropbox/TDJ/MUSICA/Angel/Caló, Miguel\1966_Caló - Roberto Rufino_Racconto.mp3",False,False,0,False,False,False
Verdemar,Miguel Caló / Roberto Rufino,1966-09-27,tango,Musica: Carlos Di Sarli - Letra: José María Contursi,"D:/Dropbox/TDJ/MUSICA/Angel/Caló, Miguel\1966_Caló - Roberto Rufino_Verdemar.mp3",False,False,0,False,False,False
Y te necesito tanto,MIguel Caló,1966,tango,Musica: Aquiles Roggero - Letra: Reinaldo Yiso,"D:/Dropbox/TDJ/MUSICA/Angel/Caló, Miguel\1966_Caló - Roberto Rufino_Y te necesito tanto.mp3",False,False,0,False,False,False
Yuyo verde,Miguel Caló / Roberto Rufino,1966-09-20,tango,Musica: Domingo Federico - Letra: Homero Expósito,"D:/Dropbox/TDJ/MUSICA/Angel/Caló, Miguel\1966_Caló - Roberto Rufino_Yuyo verde.flac",False,False,0,False,False,False
Adiós pampa mía,Miguel Caló / Alberto Marino,1967-05-20,tango,Musica: Francisco Canaro y Mariano Mores - Letra: Ivo Pelay,"D:/Dropbox/TDJ/MUSICA/Angel/Caló, Miguel\1967_Caló - Alberto Marino_Adiós pampa mía.flac",False,False,0,False,False,False
Adiós,Miguel Caló / Alberto Marino,1967-06-05,tango,Musica: Mariano Mores - Letra: Alberto Laureano Martínez,"D:/Dropbox/TDJ/MUSICA/Angel/Caló, Miguel\1967_Caló - Alberto Marino_Adiós.flac",False,False,0,False,False,False
Cafetín de Buenos Aires,Miguel Caló / Alberto Marino,1967-05-15,tango,Musica: Mariano Mores - Letra: Enrique Santos Discépolo,"D:/Dropbox/TDJ/MUSICA/Angel/Caló, Miguel\1967_Caló - Alberto Marino_Cafetín de Buenos Aires.flac",False,False,0,False,False,False
Cilicio,Miguel Caló / Alberto Marino,1967-05-29,tango,Musica: ? - Letra: ?,"D:/Dropbox/TDJ/MUSICA/Angel/Caló, Miguel\1967_Caló - Alberto Marino_Cilicio.flac",False,False,0,False,False,False
Cuando caigan las hojas,Miguel Caló / Alberto Marino,1967-05-20,tango,Musica: Emilio Balcarce - Letra: Italo Curio,"D:/Dropbox/TDJ/MUSICA/Angel/Caló, Miguel\1967_Caló - Alberto Marino_Cuando caigan las hojas.flac",False,False,0,False,False,False
He vuelto muchachos,Miguel Caló / Alberto Marino,1967-06-05,tango,Musica: ? - Letra: ?,"D:/Dropbox/TDJ/MUSICA/Angel/Caló, Miguel\1967_Caló - Alberto Marino_He vuelto muchachos.flac",False,False,0,False,False,False
Mi tango triste,Miguel Caló / Alberto Marino,1967-05-29,tango,Musica: Aníbal Troilo - Letra: José María Contursi,"D:/Dropbox/TDJ/MUSICA/Angel/Caló, Miguel\1967_Caló - Alberto Marino_Mi tango triste.flac",False,False,0,False,False,False
Tu piel de jazmín,Miguel Caló / Alberto Marino,1967-05-15,tango,Musica: Mariano Mores - Letra: José María Contursi,"D:/Dropbox/TDJ/MUSICA/Angel/Caló, Miguel\1967_Caló - Alberto Marino_Tu piel de jazmin.flac",False,False,0,False,False,False
Aquel viejo tango,Miguel Caló / Raúl Ledesma,1967-09-12,tango,Musica: Antonio Arcieri y Ángel Danesi - Letra: Roberto Giménez,"D:/Dropbox/TDJ/MUSICA/Angel/Caló, Miguel\1967_Caló - Instr_Aquel viejo tango.mp3",False,False,0,False,False,False
"Asi era ella, muchachos",MIguel Caló,1967,tango,Musica: Ángel Di Rosa - Letra: José E. Cabodevilla,"D:/Dropbox/TDJ/MUSICA/Angel/Caló, Miguel\1967_Caló - Instr_Asi era ella, muchachos.mp3",False,False,0,False,False,False
El chupete,Miguel Caló,1967-06-26,tango,Musica: Ricardo Gaudenzio - Letra: Antonio Polito,"D:/Dropbox/TDJ/MUSICA/Angel/Caló, Miguel\1967_Caló - Instr_El chupete.flac",False,False,0,False,False,False
Entre dos,Miguel Caló,1967-06-12,tango,Musica: Orlando Trípodi y Luis Stazo,"D:/Dropbox/TDJ/MUSICA/Angel/Caló, Miguel\1967_Caló - Instr_Entre dos.flac",False,False,0,False,False,False
Porteñisimo_stereo,MIguel Caló,12-06-1967,tango,Miguel Caló & Aquiles Roggero,"D:/Dropbox/TDJ/MUSICA/Angel/Caló, Miguel\1967_Caló - Instr_Porteñisimo_stereo.flac",False,False,0,False,False,False
Snobismo,Miguel Caló,1967-06-26,tango,Musica: Juan Carlos Cobián,"D:/Dropbox/TDJ/MUSICA/Angel/Caló, Miguel\1967_Caló - Instr_Snobismo.flac",False,False,0,False,False,False
Sabor a Buenos Aires,Miguel Caló / Raúl Ledesma,1967-09-12,tango,Musica: ? - Letra: ?,"D:/Dropbox/TDJ/MUSICA/Angel/Caló, Miguel\1967_Caló - Raul Ledesma_Sabor a Buenos Aires.mp3",False,False,0,False,False,False
Garras,Miguel Caló / Raúl Ledesma,1967-09-12,tango,Musica: Aníbal Troilo - Letra: José María Contursi,"D:/Dropbox/TDJ/MUSICA/Angel/Caló, Miguel\1967_Caló - Raúl Ledesma_Garras.flac",False,False,0,False,False,False
A Villoldo,Miguel Caló,1969-05-15,tango,Musica: Armando Lacava,"D:/Dropbox/TDJ/MUSICA/Angel/Caló, Miguel\1969_Caló - Instr_A Villoldo.flac",False,False,0,False,False,False
Aquel lugar querido,Miguel Caló,1969-03-26,tango,Musica: Miguel Caló y Aquiles Roggero,"D:/Dropbox/TDJ/MUSICA/Angel/Caló, Miguel\1969_Caló - Instr_Aquel lugar querido.flac",False,False,0,False,False,False
Canción desesperada,Miguel Caló,1969-05-27,tango,Musica: Enrique Santos Discépolo - Letra: Enrique Santos Discépolo,"D:/Dropbox/TDJ/MUSICA/Angel/Caló, Miguel\1969_Caló - Instr_Cancion Desesperada.mp3",False,False,0,False,False,False
El amanecer,Miguel Caló,1969-03-26,tango,Musica: Roberto Firpo,"D:/Dropbox/TDJ/MUSICA/Angel/Caló, Miguel\1969_Caló - Instr_El amanecer.flac",False,False,0,False,False,False
En fa menor,Miguel Caló,1969-05-15,tango,Musica: Roberto Caló y Osvaldo Tarantino,"D:/Dropbox/TDJ/MUSICA/Angel/Caló, Miguel\1969_Caló - Instr_En Fa menor.flac",False,False,0,False,False,False
Notas para el cielo,Miguel Caló,1969-03-28,tango,Musica: Orlando Trípodi,"D:/Dropbox/TDJ/MUSICA/Angel/Caló, Miguel\1969_Caló - Instr_Notas para el cielo.mp3",False,False,0,False,False,False
Rondando tu esquina,Miguel Caló,1969-05-27,tango,Musica: Charlo - Letra: Enrique Cadícamo,"D:/Dropbox/TDJ/MUSICA/Angel/Caló, Miguel\1969_Caló - Instr_Rondando tu esquina.mp3",False,False,0,False,False,False
Tierra querida,Miguel Caló,1969-03-28,tango,Musica: Julio De Caro - Letra: Luis Diaz,"D:/Dropbox/TDJ/MUSICA/Angel/Caló, Miguel\1969_Caló - Instr_Tierra querida.flac",False,False,0,False,False,False
Así se baila hoy,Miguel Caló / Alberto Podestá,1972,tango,Musica: Marcos Vera - Letra: Ernesto Cardenal,"D:/Dropbox/TDJ/MUSICA/Angel/Caló, Miguel\1972_Caló - Alberto Podesta_Asi se baila hoy.mp3",False,False,0,False,False,False
Cobrate y dame el vuelto,Miguel Caló / Alberto Podestá,1972,tango milonga,Musica: Miguel Caló - Letra: Enrique Dizeo,"D:/Dropbox/TDJ/MUSICA/Angel/Caló, Miguel\1972_Caló - Alberto Podesta_Cobrate y dame el vuelto.mp3",False,False,0,False,False,False
Corazon yo creo en vos,Miguel Caló / Alberto Podestá,1972,tango,Musica: ? - Letra: ?,"D:/Dropbox/TDJ/MUSICA/Angel/Caló, Miguel\1972_Caló - Alberto Podesta_Corazon yo creo en vos.mp3",False,False,0,False,False,False
La luz de la pension,Miguel Caló / Alberto Podestá,1972,tango,Musica: ? - Letra: ?,"D:/Dropbox/TDJ/MUSICA/Angel/Caló, Miguel\1972_Caló - Alberto Podesta_La luz de la pension.mp3",False,False,0,False,False,False
Mientras vuelva el amor,Miguel Caló / Alberto Podestá,1972,tango,Musica: ? - Letra: ?,"D:/Dropbox/TDJ/MUSICA/Angel/Caló, Miguel\1972_Caló - Alberto podesta_Mientras vuelva el amor.mp3",False,False,0,False,False,False
Señor que no me miras,MIguel Caló,1972,tango,Musica: Orlando Trípodi - Letra: Mario Benedetti,"D:/Dropbox/TDJ/MUSICA/Angel/Caló, Miguel\1972_Caló - Alberto Podesta_Señor que no me miras.mp3",False,False,0,False,False,False
Sobre un mar de azoteas,Miguel Caló / Alberto Podestá,1972,tango,Musica: ? - Letra: ?,"D:/Dropbox/TDJ/MUSICA/Angel/Caló, Miguel\1972_Caló - Alberto Podesta_Sobre un mar de azoteas.mp3",False,False,0,False,False,False
Un alma buena,Miguel Caló / Alberto Podestá,1972,tango,Musica: Aquiles Aguilar - Letra: José María Contursi,"D:/Dropbox/TDJ/MUSICA/Angel/Caló, Miguel\1972_Caló - Alberto Podesta_Un alma buena.mp3",False,False,0,False,False,False
Unamos nuestras vidas,Miguel Caló / Alberto Podestá,1972,tango vals,Musica: Juan Caló - Letra: Alberto Cosentino,"D:/Dropbox/TDJ/MUSICA/Angel/Caló, Miguel\1972_Caló - Alberto Podesta_Unamos nuestras vidas.mp3",False,False,0,False,False,False
A mi me gusta y a usted,MIguel Caló,1972,tango,Musica: Miguel Caló,"D:/Dropbox/TDJ/MUSICA/Angel/Caló, Miguel\1972_Caló - Instr_A mi me gusta y a usted.mp3",False,False,0,False,False,False
Con personalidad,Miguel Caló,1972,tango,Musica: ? - Letra: ?,"D:/Dropbox/TDJ/MUSICA/Angel/Caló, Miguel\1972_Caló - Instr_Con personalidad.mp3",False,False,0,False,False,False
De levita y con bastón,Miguel Caló,1972,tango,Musica: Miguel Nijensohn y Miguel Caló,"D:/Dropbox/TDJ/MUSICA/Angel/Caló, Miguel\1972_Caló - Instr_De levita y con baston.mp3",False,False,0,False,False,False
Lo pensé así,Miguel Caló,1972,tango,Musica: ? - Letra: ?,"D:/Dropbox/TDJ/MUSICA/Angel/Caló, Miguel\1972_Caló - Instr_Lo pense asi.mp3",False,False,0,False,False,False
Nadine,Miguel Caló,1972,tango,Musica: Orlando Trípodi y Miguel Caló,"D:/Dropbox/TDJ/MUSICA/Angel/Caló, Miguel\1972_Caló - Instr_Nadine.mp3",False,False,0,False,False,False
Porteñisima,Miguel Caló,1972,tango milonga,Musica: Miguel Caló y Aquiles Roggero,"D:/Dropbox/TDJ/MUSICA/Angel/Caló, Miguel\1972_Caló - Instr_Porteñisima.mp3",False,False,0,False,False,False
Soy melodioso (Para Osmar Maderna),Miguel Caló,1972,tango,Musica: Orlando Trípodi y Miguel Caló,"D:/Dropbox/TDJ/MUSICA/Angel/Caló, Miguel\1972_Caló - Instr_Soy melodioso.mp3",False,False,0,False,False,False
Mis flores negras,Miguel Caló / Raul Iriarte y Roberto Arrieta,1972,tango vals,Musica: Julio Flórez y Félix Scolati Almeyda - Letra: Julio Flórez,"D:/Dropbox/TDJ/MUSICA/Angel/Caló, Miguel\1972_Caló - Raul Iriarte y Roberto Arrieta_Mis flores negras.mp3",False,False,0,False,False,False
Todos vuelven,Miguel Caló / Raul Iriarte y Roberto Arrieta,1972,tango vals,Musica: ? - Letra: ?,"D:/Dropbox/TDJ/MUSICA/Angel/Caló, Miguel\1972_Caló - Raul Iriarte y Roberto Arrieta_Todos vuelven.mp3",False,False,0,False,False,False
La mentirosa,Miguel Caló / Raul Iriarte,1972,tango,Musica: Anselmo Aieta - Letra: Francisco García Jiménez,"D:/Dropbox/TDJ/MUSICA/Angel/Caló, Miguel\1972_Caló - Raul Iriarte_La mentirosa.mp3",False,False,0,False,False,False
Nubes de humo (Fume compadre),Miguel Caló / Raul Iriarte,1972,tango,Musica: Manuel Jovés - Letra: Manuel Romero,"D:/Dropbox/TDJ/MUSICA/Angel/Caló, Miguel\1972_Caló - Raul Iriarte_Nubes de humo.mp3",False,False,0,False,False,False
Un lugar para los dos,Miguel Caló / Raul Iriarte,1972,tango,Musica: ? - Letra: ?,"D:/Dropbox/TDJ/MUSICA/Angel/Caló, Miguel\1972_Caló - Raul Iriarte_Un lugar para los dos.mp3",False,False,0,False,False,False
Que te lo diga dios,MIguel Caló,1972,tango,Musica: Miguel Caló - Letra: Roberto Arrieta,"D:/Dropbox/TDJ/MUSICA/Angel/Caló, Miguel\1972_Caló - Roberto Arrieta_Que te lo diga dios.mp3",False,False,0,False,False,False
Tres esperanzas,Miguel Caló / Roberto Arrieta,1972,tango,Musica: Enrique Santos Discépolo - Letra: Enrique Santos Discépolo,"D:/Dropbox/TDJ/MUSICA/Angel/Caló, Miguel\1972_Caló - Roberto Arrieta_Tres esperanzas.mp3",False,False,0,False,False,False
Yo también soñé,Miguel Caló / Roberto Arrieta,1972,tango,Musica: Francisco Canaro - Letra: Luis César Amadori,"D:/Dropbox/TDJ/MUSICA/Angel/Caló, Miguel\1972_Caló - Roberto Arrieta_Yo tambien soñe.mp3",False,False,0,False,False,False
Alma de bohemio,Alberto de Paulo,1986,tango,Roberto Firpo,"D:/Dropbox/TDJ/MUSICA/Angel/Caló, Miguel\1986_Alberto de Paulo - Alberto Podestá_Alma de bohemio.mp3",False,False,0,False,False,False
Quiero verte una vez más,MIguel Caló,1987,tango,musica: Mario Canaro - letra: José María Contursi,"D:/Dropbox/TDJ/MUSICA/Angel/Caló, Miguel\1987_Caló - Alberto Podesta_Quiero verte una vez más.m4a",False,False,0,False,False,False
Percal,Miguel Caló / Alberto Podestá,1995,tango,,"D:/Dropbox/TDJ/MUSICA/Angel/Caló, Miguel\CD1\12. Miguel Calo - Alberto Podesta - Percal.mp3",False,False,0,False,False,False
Saludos,Miguel Caló,1944-08-23,tango,Musica: Domingo Federico y Francisco Federico,"D:/Dropbox/TDJ/MUSICA/Angel/Caló, Miguel\CD2\12. Miguel Calo - Instrumental - Saludos.mp3",False,False,0,False,False,False
Lejos de Buenos Aires,Miguel Caló / Raúl Berón,1942-07-29,tango,Musica: Alberto Suárez Villanueva - Letra: Oscar Rubens,"D:/Dropbox/TDJ/MUSICA/Angel/Caló, Miguel\Miguel Caló - Y su orquesta de la estrellas (1963-1966) - Toma Radial\01.Oscar Rubens & Alberto Suarez Villanueva - Lejos de Buenos Aires (1963).flac",False,False,0,False,False,False
Mañana iré temprano,MIguel Caló,1963,tango,Enrique Mario Francini & Carlos Bahr,"D:/Dropbox/TDJ/MUSICA/Angel/Caló, Miguel\Miguel Caló - Y su orquesta de la estrellas (1963-1966) - Toma Radial\02.Enrique Mario Francini & Carlos Bahr - Mañana iré temprano (1963).flac",False,False,0,False,False,False
Esquinero,MIguel Caló,1963,tango,Pedro Laurenz,"D:/Dropbox/TDJ/MUSICA/Angel/Caló, Miguel\Miguel Caló - Y su orquesta de la estrellas (1963-1966) - Toma Radial\03.Pedro Laurenz - Esquinero (1963).flac",False,False,0,False,False,False
El vals soñador,MIguel Caló,1963,tango vals,Armando Pontier,"D:/Dropbox/TDJ/MUSICA/Angel/Caló, Miguel\Miguel Caló - Y su orquesta de la estrellas (1963-1966) - Toma Radial\04.Armando Pontier - El vals soñador (1963).flac",False,False,0,False,False,False
En la calle,Miguel Caló / Raúl Berón,1963-04-16,tango,Musica: ? - Letra: ?,"D:/Dropbox/TDJ/MUSICA/Angel/Caló, Miguel\Miguel Caló - Y su orquesta de la estrellas (1963-1966) - Toma Radial\05.Domingo Federico & Roddy Koy - En la calle (1963).flac",False,False,0,False,False,False
Elegante Papirusa,MIguel Caló,1963,tango,Tito Roccatagliata,"D:/Dropbox/TDJ/MUSICA/Angel/Caló, Miguel\Miguel Caló - Y su orquesta de la estrellas (1963-1966) - Toma Radial\06.Tito Roccatagliata - Elegante papirusa (1963).flac",False,False,0,False,False,False
Margó,MIguel Caló,1963,tango,Armando Pontier & Homero Expósito,"D:/Dropbox/TDJ/MUSICA/Angel/Caló, Miguel\Miguel Caló - Y su orquesta de la estrellas (1963-1966) - Toma Radial\07.Armando Pontier & Homero Expósito - Margó (1963).flac",False,False,0,False,False,False
La maleva,MIguel Caló,1963,tango,Musica: Antonio Buglione - Letra: Mario Pardo,"D:/Dropbox/TDJ/MUSICA/Angel/Caló, Miguel\Miguel Caló - Y su orquesta de la estrellas (1963-1966) - Toma Radial\08.Antonio Buglione - La maleva (1963).flac",False,False,0,False,False,False
Bien criolla y bien porteña,MIguel Caló,1963,tango milonga,Armando Pontier & Homero Expósito,"D:/Dropbox/TDJ/MUSICA/Angel/Caló, Miguel\Miguel Caló - Y su orquesta de la estrellas (1963-1966) - Toma Radial\09.Armando Pontier & Homero Expósito - Bien criolla y bien porteña (1963).flac",False,False,0,False,False,False
Saludos,MIguel Caló,1963,tango,Musica: Domingo Federico y Francisco Federico,"D:/Dropbox/TDJ/MUSICA/Angel/Caló, Miguel\Miguel Caló - Y su orquesta de la estrellas (1963-1966) - Toma Radial\10.Domingo Federico - Saludos (1963).flac",False,False,0,False,False,False
Nadine,Miguel Caló,1964-04-07,tango,Musica: Orlando Trípodi y Miguel Caló,"D:/Dropbox/TDJ/MUSICA/Angel/Caló, Miguel\Miguel Caló - Y su orquesta de la estrellas (1963-1966) - Toma Radial\11.Miguel Caló & Orlando Trípodi - Nadine (1964).flac",False,False,0,False,False,False
El último café,MIguel Caló,1964,tango,Héctor Stamponi & Cátulo Castillo,"D:/Dropbox/TDJ/MUSICA/Angel/Caló, Miguel\Miguel Caló - Y su orquesta de la estrellas (1963-1966) - Toma Radial\12.Héctor Stamponi & Cátulo Castillo - El último café (1964).flac",False,False,0,False,False,False
Tengo,Miguel Caló / Roberto Luque,1963-11-19,tango,Musica: Roberto Pérez Prechi - Letra: Eugenio Majul,"D:/Dropbox/TDJ/MUSICA/Angel/Caló, Miguel\Miguel Caló - Y su orquesta de la estrellas (1963-1966) - Toma Radial\13.Roberto Pérez Prechi & Eugenio Majul - Tengo (1964).flac",False,False,0,False,False,False
Te pregunto,MIguel Caló,1964,tango,Miguel Caló & Ángel Gatti,"D:/Dropbox/TDJ/MUSICA/Angel/Caló, Miguel\Miguel Caló - Y su orquesta de la estrellas (1963-1966) - Toma Radial\14.Miguel Caló & Ángel Gatti - Te pregunto (1964).flac",False,False,0,False,False,False
La cumparsita,MIguel Caló,1966,tango,"Aut: Enrique Pedro Maroni, Pascual Contursi, Com: Gerardo Matos Rodríguez","D:/Dropbox/TDJ/MUSICA/Angel/Caló, Miguel\Miguel Caló - Y su orquesta de la estrellas (1963-1966) - Toma Radial\15.Gerardo Mátos Rodríguez - La cumparsita (1966).flac",False,False,0,False,False,False
La abandoné y no sabía,MIguel Caló,1966,tango,José Canet,"D:/Dropbox/TDJ/MUSICA/Angel/Caló, Miguel\Miguel Caló - Y su orquesta de la estrellas (1963-1966) - Toma Radial\16.José Canet - La abandoné y no sabía (1966).flac",False,False,0,False,False,False
Y te necesito tanto,MIguel Caló,1966,tango,Aquiles Roggero & Reinaldo Yiso,"D:/Dropbox/TDJ/MUSICA/Angel/Caló, Miguel\Miguel Caló - Y su orquesta de la estrellas (1963-1966) - Toma Radial\17.Aquiles Roggero & Reinaldo Yiso - Y te necesito tanto (1966).flac",False,False,0,False,False,False
Qué falta que me hacés,MIguel Caló,1966,tango,Miguel Caló. Armando Pontier & Federico Silva,"D:/Dropbox/TDJ/MUSICA/Angel/Caló, Miguel\Miguel Caló - Y su orquesta de la estrellas (1963-1966) - Toma Radial\18.Miguel Caló. Armando Pontier & Federico Silva - Qué falta que me hacés (1966).flac",False,False,0,False,False,False
Para siempre,Miguel Caló / Roberto Rufino,1966-10-27,tango,Musica: Armando Pontier - Letra: Federico Silva,"D:/Dropbox/TDJ/MUSICA/Angel/Caló, Miguel\Miguel Caló - Y su orquesta de la estrellas (1963-1966) - Toma Radial\19.Armando Pontier & Federico Silva - Para siempre (1966).flac",False,False,0,False,False,False
Nada,MIguel Caló,1966,tango,José Damés & Horacio Sanguinetti,"D:/Dropbox/TDJ/MUSICA/Angel/Caló, Miguel\Miguel Caló - Y su orquesta de la estrellas (1963-1966) - Toma Radial\20.José Damés & Horacio Sanguinetti - Nada (1966).flac",False,False,0,False,False,False
El chupete,Miguel Caló,1967-06-26,tango,Musica: Ricardo Gaudenzio - Letra: Antonio Polito,"D:/Dropbox/TDJ/MUSICA/Angel/Caló, Miguel\Miguel Caló y Alberto Marino - Patio de Tango-TTT10\1967_Caló - Instr_El chupete.flac",False,False,0,False,False,False
Entre dos,Miguel Caló,1967-06-12,tango,Musica: Orlando Trípodi y Luis Stazo,"D:/Dropbox/TDJ/MUSICA/Angel/Caló, Miguel\Miguel Caló y Alberto Marino - Patio de Tango-TTT10\1967_Caló - Instr_Entre dos.flac",False,False,0,False,False,False
Porteñísimo,Miguel Caló,1967-06-12,tango,Musica: Miguel Caló y Aquiles Roggero,"D:/Dropbox/TDJ/MUSICA/Angel/Caló, Miguel\Miguel Caló y Alberto Marino - Patio de Tango-TTT10\1967_Caló - Instr_Porteñísimo.flac",False,False,0,False,False,False
Snobismo,Miguel Caló,1967-06-26,tango,Musica: Juan Carlos Cobián,"D:/Dropbox/TDJ/MUSICA/Angel/Caló, Miguel\Miguel Caló y Alberto Marino - Patio de Tango-TTT10\1967_Caló - Instr_Snobismo.flac",False,False,0,False,False,False
